id;title;summary;link;published;topic;politik;utbildning;religion;miljo;ekonomi;livsstilfritt;samhallekonflikter;halsa;idrott;vetenskapteknik
1;"Flera skjutna i Örebro – detta har hänt";"Flera personer har skjutits i Örebro. Det här är vad som hittills är känt.";https://www.dn.se/sverige/flera-skjutna-i-orebro-detta-har-hant/;"2025-02-04 15:15:08";SamhalleKonflikter;0;0;0;0;0;0;1;0;0;0
2;"Strömmer: Mycket allvarliga uppgifter";"Flera partiledare och ministrar kommenterar nu våldsdådet vid en skola i Örebro.";https://www.dn.se/sverige/strommer-mycket-allvarliga-uppgifter/;"2025-02-04 15:14:29";SamhalleKonflikter;0;0;0;0;0;0;1;0;0;0
3;"Sandra Stiskalo: Vettlös hosiannastämning när Jens Stoltenberg återvänder till Norge";"Jens Stoltenberg återvänder för att tjäna potatislandet Norge som ny finansminister. Tilltron till hans förmåga känner inga gränser, skriver Sandra Stiskalo";https://www.dn.se/kultur/sandra-stiskalo-vettlos-hosiannastamning-nar-jens-stoltenberg-atervander-till-norge/;"2025-02-04 15:05:57";;0;0;0;0;0;0;0;0;0;0
4;"Pingisstjärnan vidare – nu väntar världsettan";"Det krävdes en tuff femsetare för att slå ut en ”spektakulär” japan. Nu lär bordtennisstjärnan Anton Källberg behöva plocka fram något alldeles extra. I åttondelsfinal av stortävlingen i Singapore väntar världsettan Wang Chuqin.";https://www.dn.se/sport/pingisstjarnan-vidare-nu-vantar-varldsettan/;"2025-02-04 15:05:45";Idrott;0;0;0;0;0;0;0;0;1;0
5;"Expert: Så ska Sverige klara sig genom tullhoten";"USA har återigen hotat med att införa tullar på europeiska varor. Simon Evenett, professor vid IMD, menar att svenska företag bör öka sin export till andra länder än USA. – Det finns andra marknader som växer snabbare, säger Simon Evenett.";https://www.dn.se/ekonomi/expert-sa-ska-sverige-klara-sig-genom-tullhoten/;"2025-02-04 15:01:20";;0;0;0;0;0;0;0;0;0;0
6;"Insändare. Svensk skolpeng ska inte hjälpa Trump till makten";"INSÄNDARE. Det är orimligt att svenska skattepengar i slutänden har hamnar i partikassan hos republikanska politiker i USA. Svensk skolpeng ska inte kunna hjälpa Donald Trump till makten, skriver Iwan Langermo.";https://www.dn.se/insandare/svensk-skolpeng-ska-inte-hjalpa-trump-till-makten/;"2025-02-04 14:51:23";Politik;1;0;0;0;0;0;0;0;0;0
7;"EU om svenskarna: Ät mer grönsaker";"En riskfaktor för cancer sticker ut bland svenskarna. Jämfört med resten av EU äter vi för lite frukt och grönt. Sverige är också ett av de länder som kommer att få kraftigt ökade kostnader för cancervården, visar en ny rapport.";https://www.dn.se/sverige/eu-om-svenskarna-at-mer-gronsaker/;"2025-02-04 14:48:32";;0;0;0;0;0;0;0;0;0;0
8;"DN Debatt Repliker. ”M väntar inte på S – sluta vela om kärnkraften”";"DN DEBATT REPLIK. Mats Green (M): Klassisk socialdemokratisk historieförfalskning duger inte i en så viktig fråga som energiförsörjning.";https://www.dn.se/debatt/m-vantar-inte-pa-s-sluta-vela-om-karnkraften/;"2025-02-04 14:10:43";Politik;1;0;0;0;0;0;0;0;0;0
9;"Fem personer skjutna vid skola i Örebro: ”Det är kris”";"Fem personer är bekräftat skjutna i en skottlossning vid Risbergska skolan i Örebro. Enligt preliminära uppgifter till DN rör det sig om tio skadade. Insatsen pågår och polisen understryker att allmänheten fortsatt måste hålla sig undan. Enligt uppgifter till DN har polis beskjutits och nationella insatsstyrkan är på plats. – Det är kris, säger en av rektorerna.";https://www.dn.se/sverige/uppgifter-till-dn-skottlossning-pa-skola-i-orebro/;"2025-02-04 13:18:30";SamhalleKonflikter;0;0;0;0;0;0;1;0;0;0
10;"Klart: Ryssland och Belarus fortsatt avstängda";"Ryssland och Belarus får inte delta i internationell ishockey heller nästa säsong då OS avgörs. IIHF:s beslut upprör Ryssland som kommer att överklaga.";https://www.dn.se/sport/klart-ryssland-och-belarus-fortsatt-avstangda/;"2025-02-04 13:03:16";SamhalleKonflikter;0;0;0;0;0;0;1;0;0;0
11;"Insändare. Ge polisen rätt att stänga fler konton i sociala medier";"INSÄNDARE. Utvidga den EU-lagstiftning som finns för att stoppa terrorinnehåll och rekrytering på nätet till att även omfatta gängkriminalitet. Ge även svensk polis rätt att även stänga konton i sociala medier som försöker rekrytera barn till att utföra skjutningar och sprängningar, skriver Kjell Nordenstam.";https://www.dn.se/insandare/ge-polisen-ratt-att-stanga-fler-konton-i-sociala-medier/;"2025-02-04 12:38:32";SamhalleKonflikter;0;0;0;0;0;0;1;0;0;0
12;"Insändare. Svar: Slå vakt om svensk förskola som en trygg punkt för otrygga barn";"SVAR PÅ INSÄNDARE. Det krävs en mängd olika insatser för att få slut på gängkriminellas rekrytering av barn. Att ta bort förskolan, som är en trygg punkt i livet för hundratusentals barn och möjligheten för vårdnadshavare att skapa bättre ekonomiska förutsättningar för sig själva och sina barn, är inte lösningen, skriver förskollärarstudenten Caroline Undorf.";https://www.dn.se/insandare/svar-sla-vakt-om-svensk-forskola-som-en-trygg-punkt-for-otrygga-barn/;"2025-02-04 12:30:11";;0;0;0;0;0;0;0;0;0;0
13;"Susanne Nyström: Svensk välfärd har förändrats i grunden – vet du hur?";"Under de senaste decennierna har alltmer av välfärden börjat drivas av privata aktörer. Vad har fungerat bra? Vad har varit sämre? Och hur har helheten påverkats? Det är det ingen som riktigt vet.";https://www.dn.se/ledare/susanne-nystrom-svensk-valfard-har-forandrats-i-grunden-vet-du-hur/;"2025-02-04 12:17:50";;0;0;0;0;0;0;0;0;0;0
14;"Ekobrottsmisstänkt lämnade Sverige – åtalad på Cypern";"Företagaren från Norrbotten lämnade landet men greps på Cypern. Där åtalas han för flera brott efter ett spektakulärt rymningsförsök. Hemma väntar förhör om misstänkta grova bedrägerier. – Han har inte formellt delgivits misstanke i Sverige, så jag har ingen inställning att lämna i dagsläget, säger Elin Roos, försvarsadvokat.";https://www.dn.se/ekonomi/ekobrottsmisstankt-lamnade-sverige-atalad-pa-cypern/;"2025-02-04 12:14:13";SamhalleKonflikter;0;0;0;0;0;0;1;0;0;0
15;"Chatta med sparekonom Maria Landeborn";"Sänkta räntor, höjda tullar och en svajig aktiemarknad – mycket kan påverka svenskarnas plånböcker. När är det läge att köpa och sälja aktier? Hur ska man tänka med boräntan? Och kan vi rusta oss för en sämre ekonomi? Maria Landeborn, sparekonom på Danske bank, svarar på läsarnas frågor.";https://www.dn.se/ekonomi/chatta-med-sparekonom-maria-landeborn/;"2025-02-04 12:13:35";;0;0;0;0;0;0;0;0;0;0
16;"Blås & Knåda firar 50 år som vital institution";"Kooperativet Blås & Knåda bildades för 50 år sedan, vilket nu uppmärksammans med en jubileumsbok och en utställning. ”Blåset” är ingen stapplande gamling utan en livskraftig plats för konsthantverkets samtida uttryck, skriver Petter Eklund.";https://www.dn.se/kultur/blas-knada-firar-50-ar-som-vital-institution/;"2025-02-04 12:12:35";;0;0;0;0;0;0;0;0;0;0
17;"Abstrakt konst med både smittande rytm och lugn andning";"På Konstnärshuset möter målningar av den kände amerikanen Stanley Whitney verk av fyra svenskar som arbetar i en abstrakt tradition. Sebastian Johans njuter av helheten.";https://www.dn.se/kultur/abstrakt-konst-med-bade-smittande-rytm-och-lugn-andning/;"2025-02-04 12:12:31";;0;0;0;0;0;0;0;0;0;0
18;"Forssell om svenskar som ska deporteras: ”Ytterst en fråga för USA”";"USA:s president Donald Trump kommer att utvisa 1,4 miljoner icke-amerikanska invånare. Av dem är 120 svenskar, enligt den federala migrationsmyndigheten. Regeringen hade inte kännedom om deporteringen och planerar en dialog med amerikanska myndigheter. – Ytterst är det här en fråga för USA, säger Johan Forssell (M), migrationsminister.";https://www.dn.se/varlden/forssell-om-svenskar-som-ska-deporteras-ytterst-en-fraga-for-usa/;"2025-02-04 11:13:21";SamhalleKonflikter;0;0;0;0;0;0;1;0;0;0
19;"Franska regeringen kan falla – tre misstroendeomröstningar på en vecka";"PARIS. Är Frankrike på väg mot en regeringskris – igen? Premiärminister François Bayrou har bara suttit på sin post sedan i december och han har inte fått igenom någon statsbudget än. Men den närmaste veckan ställs han inför flera misstroendeomröstningar.";https://www.dn.se/varlden/franska-regeringen-kan-falla-tre-misstroendeomrostningar-pa-en-vecka/;"2025-02-04 11:00:30";;0;0;0;0;0;0;0;0;0;0
20;"Bottennotering för Demirok i förtroendeligan";"Centerns Muharrem Demirok har kört fast i botten på förtroendeligan. Det visar en mätning från DN/Ipsos. Efter två år som partiledare är han fortfarande okänd för en stor del av väljarna. – Det är en varningssignal, säger Nicklas Källebring på Ipsos.";https://www.dn.se/sverige/bottennotering-for-demirok-i-fortroendeligan/;"2025-02-04 10:42:11";;0;0;0;0;0;0;0;0;0;0
21;"Thedéen: Räntan har sänkts tillräckligt mycket";"Riksbankschefen Erik Thedéen bedömer att det inte är aktuellt med flera räntesänkningar i närtid. Det slår han åter igen fast när nu protokollet från det senaste penningpolitiska mötet redovisas.";https://www.dn.se/ekonomi/thedeen-rantan-har-sankts-tillrackligt-mycket/;"2025-02-04 10:21:01";SamhalleKonflikter;0;0;0;0;0;0;1;0;0;0
22;"Torkel S Wächter manövrerar tyngd och ansvar";"I flyttkartongerna på vinden i föräldrahemmet hittar Torkel S Wächter brev från ett koncentrationsläger. De är skrivna av hans far. Ulrika Milles har läst en drabbande dokumentärroman.";https://www.dn.se/kultur/torkel-s-wachter-manovrerar-tyngd-och-ansvar/;"2025-02-04 10:13:26";;0;0;0;0;0;0;0;0;0;0
23;"Stockholms ”sommargator” har spikats – två blir permanenta";"Minst 45 gator, kajer och torg i Stockholm blir ”sommarplatser” när staden smyckas inför sommarmånaderna. Två centrala gator blir permanenta gågator när satsningen firar tioårsjubileum.";https://www.dn.se/sverige/stockholms-sommargator-har-spikats-tva-blir-permanenta/;"2025-02-04 10:10:02";SamhalleKonflikter;0;0;0;0;0;0;1;0;0;0
24;"Janne Anderssons fyra kriterier för ett framtida uppdrag";"Han är eftertraktad men inget erbjudande har hittills uppfyllt Janne Anderssons kriterier. Kriterier som är obligatoriska för att den förra förbundskaptenen ska överväga ett nytt uppdrag. – Det har varit väldigt nära kan jag säga, berättar han.";https://www.dn.se/sport/janne-anderssons-fyra-kriterier-for-ett-framtida-uppdrag/;"2025-02-04 10:01:21";;0;0;0;0;0;0;0;0;0;0
25;"Stoltenberg finansminister i Norges nya regering";"Natos tidigare generalsekreterare Jens Stoltenberg blir ny finansminister i Norge. I dag presenterar statsminister Jonas Gahr Støre sin nya regering efter förra veckans kollaps. Stoltenbergs comeback överraskar Norge.";https://www.dn.se/varlden/uppgift-stoltenberg-finansminister-i-ny-regering/;"2025-02-04 09:00:31";Politik;1;0;0;0;0;0;0;0;0;0
26;"Jätteböter och lång avstängning för NHL-stjärna";"Minnesotas Ryan Hartman stängs av i tio matcher och får böta runt 5,4 miljoner kronor för att ha tryckt ner en motståndares huvud i isen. Avstängningen är den längsta i NHL sedan Tom Wilson stängdes av i 20 matcher 2018.";https://www.dn.se/sport/jatteboter-och-lang-avstangning-for-nhl-stjarna/;"2025-02-04 08:52:07";;0;0;0;0;0;0;0;0;0;0
27;"Peking ger blixtsnabbt svar på Trumps strafftullar";"Världens största ekonomier misslyckades med att nå en överenskommelse – och nu har länderna börjat dela ut slag som skadar de båda ekonomierna. Bara minuter efter att USA:s strafftullar trädde i kraft på tisdagsmorgonen, svarade Kina med motåtgärder.";https://www.dn.se/ekonomi/peking-ger-blixtsnabbt-svar-pa-trumps-strafftullar/;"2025-02-04 08:35:52";SamhalleKonflikter;0;0;0;0;0;0;1;0;0;0
28;"Kapade dömd advokats bolag – nu inleds rättegången";"Medan den brottsmisstänkte advokaten satt häktad kapades hans bolag av två för honom okända personer från Växjö. De fick Skatteverket att betala ut moms till bolaget och tömde ett konto på 760 000 kronor. – Att man kan lyckas med det här upplägget är helt otroligt, säger kammaråklagare Mattias Garcia las Bayones vid Ekobrottsmyndigheten.";https://www.dn.se/sverige/kapade-domd-advokats-bolag-nu-inleds-rattegangen/;"2025-02-04 08:28:37";SamhalleKonflikter;0;0;0;0;0;0;1;0;0;0
29;"Tiktokstjärnan: ”Jag lade upp igen och igen och till slut gjorde jag något som folk tyckte var kul”";"Tiktokstjärnan som blivit känd genom att driva med Melodifestivalartisterna kommer inte att få mycket sömn de närmaste veckorna. Men det är det värt, tycker 23-åriga Sam Pettersson.";https://www.dn.se/familj/tiktokstjarnan-jag-lade-upp-igen-och-igen-och-till-slut-gjorde-jag-nagot-som-folk-tyckte-var-kul/;"2025-02-04 08:13:09";;0;0;0;0;0;0;0;0;0;0
30;"Johan Croneman: Anne Lagercrantz kan vara just den kyliga publicist SVT behöver";"SVT:s nya vd har besökt ”30 minuter” och blev ordentligt grillad av Anders Holmberg, men lyckades både hålla sig sval och inskärpa vikten av att göra det. DN:s Johan Croneman har tittat, och undrar om det finns någon yrkeskår som nagelfars lika hårt som journalister.";https://www.dn.se/kultur/johan-croneman-anne-lagercrantz-kan-vara-just-den-kyliga-publicist-svt-behover/;"2025-02-04 08:12:50";;0;0;0;0;0;0;0;0;0;0
31;"Nisse: Den där arenan i Globenområdet, vad den nu heter...";"Att Globen bytte namn häromåret hindrar inte att den närmaste omgivningen håller fast vid det gamla. Liksom de flesta som pratar om arenan.";https://www.dn.se/kultur/nisse-den-dar-arenan-i-globenomradet-vad-den-nu-heter/;"2025-02-04 07:58:36";Politik;1;0;0;0;0;0;0;0;0;0
32;"Nervöst OS-kval väntar: ”Jag har barnasinnet kvar”";"Det är 18 år sedan hon debuterade i högsta serien, och 14 år sedan hon gjorde sin första match i Damkronorna. Med sin rutin kommer forwarden Lisa Johansson att ha en nyckelroll när Sverige den här veckan ska försöka kvala till OS i Milano 2026. – Även om mycket står på spel får man inte låta den pressen ta överhand, säger hon.";https://www.dn.se/sport/nervost-os-kval-vantar-jag-har-barnasinnet-kvar/;"2025-02-04 07:11:44";;0;0;0;0;0;0;0;0;0;0
33;"Karin Eriksson: Trumps seger i tullkriget blev bara en samordnare";"WASHINGTON. Trump och hans allierade gör allt för att framställa måndagens besked om paus för tullarna som en seger. Ett annat ord är reträtt.";https://www.dn.se/varlden/karin-eriksson-trumps-seger-i-tullkriget-blev-bara-en-samordnare/;"2025-02-04 07:10:24";;0;0;0;0;0;0;0;0;0;0
34;"Elecktra och Ingrosso fick pris på QX-galan";"Benjamin Ingrosso krönte ett framgångsrikt år på QX-galan på Cirkus i Stockholm. Hans ”Honey boy” vann pris för årets bästa svenska låt. Dragshowartisten Vanity Vain utsågs till årets hbtq.";https://www.dn.se/kultur/elecktra-och-ingrosso-fick-pris-pa-qx-galan/;"2025-02-04 06:30:19";;0;0;0;0;0;0;0;0;0;0
35;"Hudcancer vanligare bland rika – solresor pekas ut";"Cancer drabbar rika och fattiga på olika sätt, visar ny data från Socialstyrelsen. Mest ökar hudcancer i välmående områden, hos män som har råd att åka på solsemester. Men risken att dö i cancer är större bland svenskar i mer utsatta samhällsgrupper.";https://www.dn.se/sverige/hudcancer-vanligare-bland-rika-solresor-pekas-ut/;"2025-02-04 06:02:10";;0;0;0;0;0;0;0;0;0;0
36;"Vart är vi på väg?";"En lång flod och en mustig soppa kan leda dig rätt.";https://www.dn.se/quiz/jorden-runt/koll-pa-ungern/;"2025-02-04 06:00:00";Ekonomi;0;0;0;0;1;0;0;0;0;0
37;"Matpriserna stiger igen – nya prishöjningar väntar";"Efter en mer normal uppgång under 2024 sticker matpriserna nu iväg igen. I januari syns den största ökningen en enskild månad sedan mars 2023, enligt Matpriskollens senaste undersökning.";https://www.dn.se/ekonomi/matpriserna-stiger-igen-nya-prishojningar-vantar/;"2025-02-04 05:46:31";;0;0;0;0;0;0;0;0;0;0
38;"Hanna Hellquist: Jag har alltid varit en missbrukare";"Jag har jämt velat ha mer – mer vin, mer sås, mer glass, fler hus. När man vet det om sig själv blir allt som man drar igång en källa till oro.";https://www.dn.se/sverige/hanna-hellquist-jag-har-alltid-varit-en-missbrukare/;"2025-02-04 05:34:15";SamhalleKonflikter;0;0;0;0;0;0;1;0;0;0
39;"Lisa Magnusson: Intensivt föräldraskap är det sista skriket – du kan vara drabbad utan att själv veta om det";"Det senaste inom uppfostran är att ta den så kallade curlingen ett steg längre: Nu räcker det inte att fixa en massa åt sina ungar, nej, man måste främja barnens utveckling i allt man gör. Inte undra på att folk blir utbrända.";https://www.dn.se/ledare/lisa-magnusson-intensivt-foraldraskap-ar-det-sista-skriket-du-kan-vara-drabbad-utan-att-sjalv-veta/;"2025-02-04 05:15:20";;0;0;0;0;0;0;0;0;0;0
40;"Tidiga hämtningar – för vems skull?";"Känner du stress över att hämta tidigt på förskolan? Du är inte ensam. Tidiga hämtningar är ett fenomen som experter noterat allt mer. – Men du bör ställa dig frågan: Varför gör jag detta egentligen? säger psykologen Elia Psouni.";https://www.dn.se/insidan/tidiga-hamtningar-for-vems-skull/;"2025-02-04 05:14:55";;0;0;0;0;0;0;0;0;0;0
41;"Koranbrännaren som direktsände in i döden";"Sommaren 2023 bränner Salwan Momika kopia efter kopia av koranen. Han har med sig bacon till sina demonstrationer och torkar skorna med koransidor. Han lyckas försämra hela Sveriges anseende i stora delar av världen och skaffar sig fiender långt utanför Sveriges gränser. Sedan dess har han levt med ett pris på sitt huvud. Nu har han skjutits till döds – mitt under en livesändning på Tiktok. Programledare: Elinor Ahlborn. Med DN:s reportrar Saeed Alnahhal och Ulrika By. Producent: Emma Lukins.";https://www.dn.se/podd/spotlight/koranbrannaren-som-direktsande-in-i-doden/;"2025-02-04 01:00:00";SamhalleKonflikter;0;0;0;0;0;0;1;0;0;0
42;"von der Leyen: EU redo att svara med bestämdhet";"EU kommer att svara med bestämdhet på orättvis behandling från Trump-administrationen. Det säger Europeiska kommissionens ordförande Ursula von der Leyen, efter Trumps hot om handelstullar mot EU. – Vi är redo, säger hon.";https://www.dn.se/varlden/von-der-leyen-eu-redo-att-svara-med-bestamdhet/;"2025-02-03 23:20:57";;0;0;0;0;0;0;0;0;0;0
43;"Ryssarna luras: Svart färg och attrapper";"Ryssland målar sina drönare svarta för att dölja dem i natthimlen och skickar drönarliknande attrapper med skräp för att lura motståndaren, enligt ukrainska soldater. – Vilseledning är en jätteviktig del av kriget. Lyckas man med det så slösar motståndaren både pengar, tid och energi, säger militärexperten Roger Djupsjö.";https://www.dn.se/varlden/ryssarna-luras-svart-farg-och-attrapper/;"2025-02-03 21:39:13";SamhalleKonflikter;0;0;0;0;0;0;1;0;0;0
44;"Michael Winiarski: Varför angriper Trump USA:s vänner?";"Efter de två kaotiska veckor som har följt på Donald Trumps installation som president börjar ett mönster framträda: en stor del av Trumps beslut missgynnar amerikanerna själva och är riktade mot USA:s vänner och naturliga allierade. Däremot är de gynnsamma för fiender som Ryssland.";https://www.dn.se/varlden/michael-winiarski-varfor-angriper-trump-usas-vanner/;"2025-02-03 20:27:02";SamhalleKonflikter;0;0;0;0;0;0;1;0;0;0
45;"Sprängningarna kan leda till dyrare försäkringar";"Många av sprängningarna under januari orsakade skador på bostäder. Det kan bli kostsamt för försäkringsbolagen – men även för bostadsägaren. – Om det fortsätter som det gör nu är det inte osannolikt att försäkringsbolagen kan behöva höja premierna, säger Camilla Kågström, jurist på Konsumenternas Försäkringsbyrå.";https://www.dn.se/ekonomi/drabbade-maste-betala-nar-bostaden-sprangs/;"2025-02-03 20:20:01";;0;0;0;0;0;0;0;0;0;0
46;"Björn Wiman: Därför får Bruno K. Öijer DN:s Kulturpris";"Bruno K. Öijer får DN:s Kulturpris för att han gestaltar sorgen över en värld som försvinner – och ger kraft att leva i den. Hans poesi lyser upp världen, skriver DN:s kulturchef Björn Wiman.";https://www.dn.se/kultur/bjorn-wiman-darfor-far-bruno-k-oijer-dns-kulturpris/;"2025-02-03 20:00:09";;0;0;0;0;0;0;0;0;0;0
47;"Poeten Bruno K. Öijer får DN:s Kulturpris";"Han beskrivs som en ”folklig outsider”, hämtar gärna kraft ifrån skogen och tystnaden, och tar emot priset med glädje – men också med ett tydligt förbehåll. DN:s Kulturpristagare 2025 är poeten Bruno K. Öijer.";https://www.dn.se/kultur/poeten-bruno-k-oijer-far-dns-kulturpris/;"2025-02-03 20:00:06";;0;0;0;0;0;0;0;0;0;0
48;"DN Debatt. ”Utan både morot och piska famlar skolan efter svar”";"DN DEBATT. Värdegrund – där har ni ordet som ska leda svensk skola in i framtiden. Synd bara att konkretion helt saknas. Skolor ska jobba främjande och förebyggande, men inte på ”fel” sätt (det rätta viset preciseras aldrig). Mjuka tag har inte misslyckats, snarare handlar det om inga tag. Ändå ropas det efter piskan nu igen, skriver fyra pedagoger och skolforskare.";https://www.dn.se/debatt/utan-bade-morot-och-piska-famlar-skolan-efter-svar/;"2025-02-03 20:00:00";SamhalleKonflikter;0;0;0;0;0;0;1;0;0;0
49;"Thord Eriksson: Joseph Popa tvingades krypa fram av smärta på Migrationsverkets förvar";"Migrationsverkets tjänstemän uppfattar Ulf Kristerssons uttalanden som beställningar. Den önskade leveransen kommer i form av beslut som fattats utan hänsyn till de direkt berördas människovärde, skriver Thord Eriksson.";https://www.dn.se/kultur/thord-eriksson-joseph-popa-tvingades-krypa-fram-av-smarta-pa-migrationsverkets-forvar/;"2025-02-03 19:44:33";Politik;1;0;0;0;0;0;0;0;0;0
50;"Prover från asteroid ifrågasätter idé om livets början";"På asteroiden Bennu finns nästan alla de molekyler som behövs för att liv ska kunna uppstå. Ändå gjorde forskarna ett överraskande fynd som får dem att tvivla på hur livet på jorden egentligen började.";https://www.dn.se/sverige/prover-fran-asteroid-ifragasatter-ide-om-livets-borjan/;"2025-02-03 19:42:02";;0;0;0;0;0;0;0;0;0;0
51;"USA-expert: Inte lika lätt för Trump att dominera EU";"Kanadas och Mexikos eftergifter får Donald Trump att skjuta de höga handelstullarna på framtiden. Men det kommer inte gå lika lätt att komma överens med Kina eller EU, tror de experter DN talat med. – Det är lätt att dominera mindre stater, men Europa och Kina är inga småstater, säger Jan Hallenberg på Utrikespolitiska institutet.";https://www.dn.se/varlden/usa-expert-inte-lika-latt-for-trump-att-dominera-eu/;"2025-02-03 19:38:50";SamhalleKonflikter;0;0;0;0;0;0;1;0;0;0
52;"Svensk guldjakt, amerikanskt dream team och ny gren – allt om alpina VM 2025";"Nu börjar VM-vintern 2025. Alpina VM – i Saalbach i Österrike – är först ut. Når comebackande Lindsey Vonn pallen? Hur mår egentligen Mikaela Shiffrin efter skräckskadan? Ska det, äntligen, klaffa för svenska OS-ettan Sara Hector i ett VM? Och blir det norsk sambadans? Här är allt du behöver veta.";https://www.dn.se/sport/svensk-guldjakt-amerikanskt-dream-team-och-ny-gren-allt-om-alpina-vm-2025/;"2025-02-03 19:02:42";;0;0;0;0;0;0;0;0;0;0
53;"Spökbyn vaknar till när kärnkraften får förlängt liv";"DOEL. I år skulle alla belgiska kärnkraftverk ha släckts ner. Men Rysslands krig mot Ukraina fick regeringen att tänka om. I spökbyn Doel, som ligger granne med en reaktor, hoppas de få kvarvarande invånarna på en blomstrande framtid.";https://www.dn.se/varlden/spokbyn-vaknar-till-nar-karnkraften-far-forlangt-liv/;"2025-02-03 18:54:37";SamhalleKonflikter;0;0;0;0;0;0;1;0;0;0
54;"Här våras det för en ny atomålder";"BRYSSEL. De svenska planerna på ny kärnkraft bleknar i jämförelse med satsningar i Europa. Många trodde att fler länder skulle följa Tysklands exempel och lägga ner kärnkraften. Men det blev tvärtom.";https://www.dn.se/varlden/har-varas-det-for-en-ny-atomalder/;"2025-02-03 18:54:32";;0;0;0;0;0;0;0;0;0;0
55;"Heta sportmånaden – så ser du alla mästerskap";"Grattis, alla sportdårar där ute. I februari är tablåerna fyllda med högklassig idrott. Så här följer du alla mästerskap och turneringar.";https://www.dn.se/sport/heta-sportmanaden-sa-ser-du-alla-masterskap/;"2025-02-03 18:54:03";;0;0;0;0;0;0;0;0;0;0
56;"Hade vi sluppit andra världskriget om Hitlers bil inte gått sönder?";"Hitler behövde inte ens ”gripa” makten – han fick den till skänks, påpekar statsvetaren Erik Åsard i sin nya bok. Lars Linder läser en både läsvärd och medryckande redogörelse för Weimarrepublikens nedgång och fall";https://www.dn.se/kultur/hade-vi-sluppit-andra-varldskriget-om-hitlers-bil-inte-gatt-sonder/;"2025-02-03 18:24:46";;0;0;0;0;0;0;0;0;0;0
57;"Björn af Kleen: Rubio åker på hundgörat att expandera USA:s territorium";"USA:s utrikesminister Marco Rubio inskärpte för Panama att Trump vill ha kontroll över landets kanal. Ett test av ministerns lojalitet med presidentens tilltagande storvulenhet.";https://www.dn.se/varlden/bjorn-af-kleen-rubio-aker-pa-hundgorat-att-expandera-usas-territorium/;"2025-02-03 18:05:43";SamhalleKonflikter;0;0;0;0;0;0;1;0;0;0
58;"Sida efter USAID-beskedet: Ser över hela verksamheten";"Personalen på Sveriges biståndsmyndighet Sida är djupt oroad över Elon Musks hotfulla besked om att skrota den amerikanska motsvarigheten USAID. – Vi analyserar situationen utifrån det vi hört om avsikten att stänga ner USAID, säger Annika Otterstedt, Sidas talesperson i USAID-frågor.";https://www.dn.se/sverige/sida-efter-usaid-beskedet-ser-over-hela-verksamheten/;"2025-02-03 18:05:26";;0;0;0;0;0;0;0;0;0;0
59;"Ministerns uppmaning till fotbollsklubbarna: Bryt avtalen med Rwanda";"Den av Rwanda stödda milisen M23 har tagit kontroll över mångmiljonstaden Goma i östra Kongo-Kinshasa. Nu uppmanas flera fotbollsklubbar att bryta de ekonomiska banden till Rwanda.";https://www.dn.se/sport/ministerns-uppmaning-till-fotbollsklubbarna-bryt-avtalen-med-rwanda/;"2025-02-03 18:01:54";SamhalleKonflikter;0;0;0;0;0;0;1;0;0;0
60;"Nedåt på börserna i Stockholm och New York";"Som väntat föll Stockholmsbörsen på måndagen efter amerikanske presidenten Donald Trumps utspel om strafftullar. Även New York-börsen inleddes med en tydlig nedgång. Men handeln återhämtade sig dock efter beskedet att Mexikotullarna senareläggs.";https://www.dn.se/ekonomi/bred-nedgang-pa-borsen-efter-tullutspel/;"2025-02-03 17:55:28";;0;0;0;0;0;0;0;0;0;0
61;"FN: Ukrainska soldater avrättas – alarmerande ökning";"De senaste månaderna har det skett en ”alarmerande ökning” av avrättningar av ukrainska soldater i rysk fångenskap konstaterar FN:s övervakningsuppdrag för mänskliga rättigheter. – Det är möjligt att det eskalerar, säger militärexperten Johan Huovinen.";https://www.dn.se/varlden/fn-ukrainska-soldater-avrattas-alarmerande-okning/;"2025-02-03 17:50:46";SamhalleKonflikter;0;0;0;0;0;0;1;0;0;0
62;"Vildsvin ödelägger kyrkogården om nätterna";"Den stora begravningsplatsen i Kviberg i Göteborg vandaliseras numera regelbundet av vildsvin. Under helgen har hundratalet gravar bökats upp av grisarna. – En av dem kommer riktigt nära i bland. Vi har börjat kalla honom ”Sven”, säger kyrkogårdsarbetarnas lagledare Lotta Torvaldsson.";https://www.dn.se/sverige/vildsvin-odelagger-kyrkogarden-om-natterna/;"2025-02-03 17:28:10";SamhalleKonflikter;0;0;0;0;0;0;1;0;0;0
63;"Kanadensare bojkottar amerikanska varor";"Kanada slår tillbaka mot USA:s 25-procentiga strafftullar – och manar befolkningen att handla kanadensiskt. – Jag kommer att bojkotta amerikanska produkter, säger en konsument i en matbutik i Ottawa till CBC News.";https://www.dn.se/ekonomi/kanadensare-bojkottar-amerikanska-varor/;"2025-02-03 17:22:55";SamhalleKonflikter;0;0;0;0;0;0;1;0;0;0
64;"Hamnanställd varslas för illojalitet och säkerhetsbrott";"En anställd i Göteborgs hamn har varslats med hänvisning till rikets säkerhet. Det rapporterar P4 Göteborg. Till DN säger den anställda att han inte förstår vad han anklagas för.";https://www.dn.se/sverige/hamnanstalld-varslas-for-illojalitet-och-sakerhetsbrott/;"2025-02-03 17:16:21";SamhalleKonflikter;0;0;0;0;0;0;1;0;0;0
65;"Tullbesked gladde New York-börsen";"New York-börsen inledde veckans handel med en tydlig nedgång. Men de ledande indexen hämtade sig något sedan Mexiko offentliggjort att USA skjuter på strafftullarna mot landet i en månad.";https://www.dn.se/ekonomi/tullbesked-gladde-new-york-borsen/;"2025-02-03 17:12:11";;0;0;0;0;0;0;0;0;0;0
66;"Avstängd räddningschef anklagas för att ha godkänt miljoner i omotiverad övertid";"Den avstängde räddningschefen i Göteborg är nu granskad av externa utredare. Han har, enligt rapporten, gett sina kollegor omotiverad övertidsersättning på sammanlagt 3,4 miljoner kronor. ”Det viktigaste i rapporten är att inget är till min egen vinning”, skriver han till DN.";https://www.dn.se/sverige/avstangd-raddningschef-anklagas-for-att-ha-godkant-miljoner-i-omotiverad-overtid/;"2025-02-03 17:04:32";;0;0;0;0;0;0;0;0;0;0
67;"Extrema översvämningar i Australien – tusentals flyr";"Samhällen har isolerats och tusentals tvingats på flykt av förödande översvämningar längs Australiens nordöstra kust. Regnet väntas fortsätta. – Det är tungt att se förstörelse på den här nivån, säger Queenslands premiärminister David Crisafulli.";https://www.dn.se/varlden/extrema-oversvamningar-i-australien-tusentals-flyr/;"2025-02-03 17:00:06";SamhalleKonflikter;0;0;0;0;0;0;1;0;0;0
68;"Insändare. Noterat av DN:s läsare den 3 februari";"INSÄNDARE. Läsarna ger kortfattat sin syn på läget i Sverige och världen samt DN:s innehåll måndagen den 3 februari.";https://www.dn.se/insandare/noterat-av-dns-lasare-den-3-februari-2/;"2025-02-03 16:59:52";;0;0;0;0;0;0;0;0;0;0
69;"Carl Johan von Seth: Så slår Trumps tullar mot börsen, inflationen och räntorna";"Handelskriget är här. Donald Trumps beslut att införa höga tullar mot Kanada, Mexiko och Kina sänder nu chockvågor genom världsekonomin och de globala finansmarknaderna. Hur hänger allt ihop?";https://www.dn.se/ekonomi/carl-johan-von-seth-sa-slar-trumps-tullar-mot-borsen-inflationen-och-rantorna/;"2025-02-03 16:20:14";Ekonomi;0;0;0;0;1;0;0;0;0;0
70;"Jennifer Hermoso i rätten: ”Förstörde en av de lyckligaste stunderna i mitt liv”";"Jennifer Hermoso frågades ut i över två timmar när rättegången mot den tidigare spanske fotbollsordföranden Luis Rubiales inleddes. Fotbollsspelaren vittnade om konsekvenserna den ovälkomna kyssen under VM-guldfirandet fått. – Mitt liv sattes på standby i den stunden. Jag har inte kunnat leva fritt sedan dess, sade hon.";https://www.dn.se/sport/jennifer-hermoso-i-ratten-forstorde-en-av-de-lyckligaste-stunderna-i-mitt-liv/;"2025-02-03 16:14:34";SamhalleKonflikter;0;0;0;0;0;0;1;0;0;0
71;"Även tullar mot Kanada skjuts upp";"RIO DE JANEIRO/STOCKHOLM. Även USA:s planerade handelstullar mot Kanada skjuts på framtiden, meddelar Kanadas premiärminister Justin Trudeau bara timmar innan de skulle införas. Tidigare under kvällen kom motsvarande besked från Mexiko, landet får en månads tidsfrist mot att man sänder 10 000 soldater till den amerikanska gränsen för att motverka fentanylsmuggling.";https://www.dn.se/varlden/mexikos-president-reagerar-kraftfullt-pa-trumps-uttalande/;"2025-02-03 15:56:43";SamhalleKonflikter;0;0;0;0;0;0;1;0;0;0
72;"Tingsrätten: Dom ska inte tolkas som att koranbränning är förbjudet";"Tingsrätten dömer Salwan Momikas medhjälpare Salwan Najem för hets mot folkgrupp. Men enligt domstolen ska det inte tolkas som att det är förbjudet att bränna koranen i Sverige. – Det kan finnas situationer där man förmodligen skulle kunna bränna en koran utan att för den sakens skull göra sig skyldig till hets mot folkgrupp, säger lagmannen Göran Lundahl.";https://www.dn.se/sverige/tingsratten-dom-ska-inte-tolkas-som-att-koranbranning-ar-forbjudet/;"2025-02-03 15:28:27";SamhalleKonflikter;0;0;0;0;0;0;1;0;0;0
73;"Ryska medier: ”Välplanerat mord” på paramilitära ledaren";"Den paramilitäre ledaren Armen Sarkisyan, grundare av en prorysk enhet som stridit mot Ukraina, dödades i måndagens bombdåd mot ett lyxkomplex i centrala Moskva. Rysk statlig media kallar explosionen för ett ”välplanerat mord.”";https://www.dn.se/varlden/ryska-medier-valplanerat-mord-pa-paramilitara-ledaren/;"2025-02-03 15:27:00";SamhalleKonflikter;0;0;0;0;0;0;1;0;0;0
74;"Insändare. Svar: Orimligt att elnätsbolag tillåts göra övervinster till 2027";"SVAR PÅ INSÄNDARE. Miljötänkande villaägare som investerat i värmepump och elbil straffas av Ellevios nya effektavgift. Det är dessutom orimligt att elnätsbolag tillåts göra övervinster till den 1 januari 2027, skriver Elleviokunden Åke Fröjd.";https://www.dn.se/insandare/svar-orimligt-att-elnatsbolag-tillats-gora-overvinster-till-2027/;"2025-02-03 15:13:20";;0;0;0;0;0;0;0;0;0;0
75;"Kajsa Haidl: Beyoncé tog historisk countryrevansch på Grammygalan";"Beyoncé prisades i kategorierna årets album och årets countryalbum på Grammygalan. Det är lika stort som nödvändigt för countrymusikens utveckling, skriver DN:s Kajsa Haidl.";https://www.dn.se/kultur/kajsa-haidl-beyonce-gjorde-historisk-countryrevansch-pa-grammygalan/;"2025-02-03 15:07:58";LivsstilFritt;0;0;0;0;0;1;0;0;0;0
76;"Insändare. Förbjud algoritmerna som drar in unga i gängkriminalitet";"INSÄNDARE. Eftersom teknikjättarna saknar intresse av att begränsa sociala medier för brottslingar måste politikerna ingripa. Ta bort algoritmbaserade rekommendationer för personer under 18 år, skriver Tomas Stephanson.";https://www.dn.se/insandare/forbjud-algoritmerna-som-drar-in-unga-i-gangkriminalitet/;"2025-02-03 14:50:09";;0;0;0;0;0;0;0;0;0;0
77;"Mer än en tredjedel av Kistas kontorsyta står tom – ”genuint orolig”";"Kista har marknadsförts som Sveriges ”Silicon Valley”, svaret på it-klustret på den amerikanska västkusten. Nu står mer än vart tredje kontor tomt. – Jag är genuint orolig för Kistas utveckling, säger Christofer Fjellner (M), oppositionsborgarråd i Stockholms stad.";https://www.dn.se/sverige/mer-an-en-tredjedel-av-kistas-kontorsyta-star-tom-genuint-orolig/;"2025-02-03 14:47:15";;0;0;0;0;0;0;0;0;0;0
78;"Insändare. Svar: Förskolan behövs mest för barn i fattigdom och misär";"SVAR PÅ INSÄNDARE. Jag tror på en förskola med utbildad personal som kan ge språklig kompetens att stå på inför skolstarten. Barn som kommer från familjer där det ofta råder både fattigdom och misär behöver förskolan mest, skriver Rose-Marie Ljunggren, före detta gymnasie- och SFI-lärare.";https://www.dn.se/insandare/svar-forskolan-behovs-mest-for-barn-i-fattigdom-och-misar/;"2025-02-03 14:39:01";;0;0;0;0;0;0;0;0;0;0
79;"Nicholas Wennö: Fascinerande hur kulturchef Malm koketterar med sin likgiltighet";"Jag är den första att erkänna att tv-serier kan vara en tidstjuv. Men att kokettera med sitt ointresse för vår tids mest inflytelserika kulturyttring är ungefär lika spännande som att skryta om att man inte läser böcker, skriver Nicholas Wennö.";https://www.dn.se/kultur/nicholas-wenno-fascinerande-hur-kulturchef-malm-koketterar-med-sin-likgiltighet/;"2025-02-03 14:37:53";;0;0;0;0;0;0;0;0;0;0
80;"Emma Bouvin: Netanyahu står med mössan i hand i Washington";"I samband med att Benjamin Netanyahu steg på planet mot USA, började uppgifter florera om att hans avsikt med resan är att få klartecken för att återuppta kriget i Gaza. I verkligheten är det dock inte Israel som dikterar villkoren. Säger Donald Trump ”hoppa!” kommer Netanyahu svara ”hur högt?”";https://www.dn.se/varlden/emma-bouvin-netanyahu-star-med-mossan-i-hand-i-washington/;"2025-02-03 14:26:18";SamhalleKonflikter;0;0;0;0;0;0;1;0;0;0
81;"DN Debatt Repliker. ”Osäkerhet är knappast att eftersträva när vi talar om kärnvapen”";"DN DEBATT SLUTREPLIK. Tre professorer: Trump har förändrat förutsättningarna – därför behövs klarspråk från Sverige.";https://www.dn.se/debatt/osakerhet-ar-knappast-att-efterstrava-nar-vi-talar-om-karnvapen/;"2025-02-03 14:22:20";;0;0;0;0;0;0;0;0;0;0
82;"Efter misstänkt sabotage – Kina-kopplat fartyg får lämna Sverige";"Sverige släpper fartyget Vezhen som utretts för förra veckans kabelbrott i Östersjön, meddelar Åklagarmyndigheten. Det kinesiskt ägda fartyget som legat i beslag i en dryg vecka orsakade kabelbrottet – men det har konstaterats att det inte rör sig om ett medvetet sabotage.";https://www.dn.se/sverige/efter-misstankt-sabotage-kina-kopplat-fartyg-far-lamna-sverige/;"2025-02-03 14:10:31";SamhalleKonflikter;0;0;0;0;0;0;1;0;0;0
83;"”Det gäller att andas med magen – och att kramas!”";"Gå runt och skämta eller lyssna på musik – hur tacklar man nervositeten inför en VM-start? DN ställde frågan till 24 vintersportstjärnor inför de kommande månadernas världsmästerskap.";https://www.dn.se/sport/det-galler-att-andas-med-magen-och-att-kramas/;"2025-02-03 13:42:19";;0;0;0;0;0;0;0;0;0;0
84;"Kina hoppas på att kunna förhandla bort Trump-tullar";"PEKING. Kina reagerar avvaktande på att Trump höjer tullarna på kinesiska varor. Förhoppningen är att sluta ett avtal med Trump och undvika ett upptrappat handelskrig – det sista kommunistpartiet vill ha i ett läge när den inhemska ekonomin går trögt.";https://www.dn.se/varlden/kina-hoppas-pa-att-kunna-forhandla-bort-trump-tullar/;"2025-02-03 13:36:00";SamhalleKonflikter;0;0;0;0;0;0;1;0;0;0
85;"Möregårdh vidare – efter rysarmatch";"OS-silverhjälten Truls Möregårdh är vidare i stortävlingen på världstouren i Singapore – efter stora problem. Efter en ordväxling i det femte och avgörande setet mot rumänen Ovidiu Ionescu kunde den svenske världssjuan vinna i den första omgången med 3–2.";https://www.dn.se/sport/moregardh-vidare-efter-rysarmatch/;"2025-02-03 13:33:00";;0;0;0;0;0;0;0;0;0;0
86;"Trumps utlovade tullar väcker reaktioner: Vi är tillräckligt starka";"Donald Trumps handelstullar riktar in sig även på EU. Han har hotat med ”betydande” förändringar i handelsrelationerna, vilket nu väcker starka reaktioner från unionens ledare.";https://www.dn.se/varlden/trumps-utlovade-tullar-vacker-reaktioner-vi-ar-tillrackligt-starka/;"2025-02-03 13:14:33";Politik,SamhalleKonflikter;1;0;0;0;0;0;1;0;0;0
87;"Misstänkt dubbelmord skakar Piteå: ”Alla är skärrade”";"Sörjande har tänt ljus utanför villan i Piteå där två män hittades döda inomhus på fredagskvällen. Det misstänkta dubbelmordet skakar grannskapet. – Alla är skärrade, det är så förskräckligt, säger en boende i kvarteret, till DN.";https://www.dn.se/sverige/misstankt-dubbelmord-skakar-pitea-alla-ar-skarrade/;"2025-02-03 12:09:15";SamhalleKonflikter;0;0;0;0;0;0;1;0;0;0
88;"Man döms för koranbränningar efter Salwan Momikas död";"Bara timmar innan domen om hets mot folkgrupp mot Salwan Momika skulle falla blev han ihjälskjuten – och domen flyttades fram. Nu döms Salwan Momikas medhjälpare Salwan Najem till villkorlig dom för hets mot folkgrupp efter flera koranbränningar. Hans försvarare Mark Safaryan säger att domen kommer att överklagas.";https://www.dn.se/sverige/man-doms-for-koranbranningar-efter-salwan-momikas-dod/;"2025-02-03 11:38:06";SamhalleKonflikter;0;0;0;0;0;0;1;0;0;0
89;"Maria Andersson Vogel: Cat Bohannons svindlande bok har botat min rädsla för biologin";"Biologin har använts som stöd för sexistiska idéer och ofta mötts med skepsis av kvinnorörelsen. Den amerikanska forskaren Cat Bohannon visar i en ögonöppnande studie att biologin snarare kan vara en feministisk kampfråga. Det är befriande läsning, skriver Maria Andersson Vogel.";https://www.dn.se/kultur/maria-andersson-vogel-cat-bohannons-svindlande-bok-har-botat-min-radsla-for-biologin/;"2025-02-03 11:05:40";SamhalleKonflikter;0;0;0;0;0;0;1;0;0;0
90;"Blev pappa i torsdags – med i VM-premiären";"I torsdags blev Kristoffer Jakobsen pappa för första gången. På tisdagen står 30-åringen på start i alpina VM:s inledande lagtävling. – Vi hoppas kunna ta det långt, säger landslagschefen Per Jonsson inför medaljjakten.";https://www.dn.se/sport/blev-pappa-i-torsdags-med-i-vm-premiaren/;"2025-02-03 11:04:58";;0;0;0;0;0;0;0;0;0;0
91;"Birgitta Holm: Jag blev paff när jag läste vad hon skrev efter Nobelpriset";"GP:s litteraturkritiker Mikaela Blomqvist vill ha en diskussion om estetiska frågor. Litteraturvetaren Birgitta Holm bemöter hennes avfärdande av Nobelpristagarna Han Kang och Annie Ernaux.";https://www.dn.se/kultur/birgitta-holm-jag-blev-paff-nar-jag-laste-vad-hon-skrev-efter-nobelpriset/;"2025-02-03 10:39:28";SamhalleKonflikter;0;0;0;0;0;0;1;0;0;0
92;"Leif Zern: Skrattet har blivit en bristvara i dagens surmulna kultur";"Ett bidrag till skrattets filosofi bör man ta emot som en nådegåva i dessa dagar. Leif Zern läser Stina Bäckströms skrift ”Om humor”.";https://www.dn.se/kultur/leif-zern-skrattet-har-blivit-en-bristvara-i-dagens-surmulna-kultur/;"2025-02-03 10:37:04";SamhalleKonflikter;0;0;0;0;0;0;1;0;0;0
93;"Inte ens barnen kunde få henne att sluta dricka vin";"Sylvia Rauan rör sig blixtsnabbt från party till ångest i monologen som baseras på Rebecka Åhlunds självbiografiska bok. Efter ”Jag som var så rolig att dricka vin med” blir det tydligt hur långt vår alkoholkultur har till tillfrisknande, skriver Niklas Wahllöf.";https://www.dn.se/kultur/inte-ens-barnen-kunde-fa-henne-att-sluta-dricka-vin/;"2025-02-03 10:30:19";Politik;1;0;0;0;0;0;0;0;0;0
94;"Vattenledningar måste bytas ut: ”Man skjuter problemet framför sig”";"Många vatten- och avloppsledningar är omkring 60 år gamla och behöver bytas ut. Men det går för långsamt, varnar branschorganisationen Svenskt vatten. Det kan leda till störningar som gör att hushåll blir utan drickbart vatten.";https://www.dn.se/ekonomi/vattenledningar-maste-bytas-ut-man-skjuter-problemet-framfor-sig/;"2025-02-03 10:24:45";;0;0;0;0;0;0;0;0;0;0
95;"Rekordlöparen har ingen chans att ta EM-medalj";"Efter förra årets succéartade genombrott har Erik Erlandsson fått en rekordbra start på 2025. Redan i en av säsongens första tävlingar raderade han ut det 20 år gamla svenska rekordet på 200 meter inomhus när han sprang på 20,43. Men oavsett hur snabbt han springer kommer inte 20-åringen ha chans att ta medalj i årets första mästerskap.";https://www.dn.se/sport/rekordloparen-har-ingen-chans-att-ta-em-medalj/;"2025-02-03 10:16:08";;0;0;0;0;0;0;0;0;0;0
96;"Utredare: Barn exponeras för ohälsosamma livsmedel i sociala medier";"Fler barn och unga i Sverige drabbas av hälsobesvär som övervikt och diabetes typ 2. En bidragande faktor anses vara marknadsföring av ohälsosamma livsmedel i sociala medier. Nu presenterar Folkhälsomyndigheten och Livsmedelsverket förslag på åtgärder för att bryta utvecklingen.";https://www.dn.se/sverige/utredare-barn-exponeras-for-ohalsosamma-livsmedel-i-sociala-medier/;"2025-02-03 10:15:55";;0;0;0;0;0;0;0;0;0;0
97;"Trump stoppar allt stöd till Sydafrika: ”Behandlar vissa människor mycket dåligt”";"JOHANNESBURG. USA:s president Donald Trump stoppar allt framtida finansiellt stöd till Sydafrika. Detta på grund av ”massiva människorättsövergrepp” relaterade till frågan om markägande i landet. – Det ser ut som att Donald Trump jobbar hårt på att bli ovän med resten av världen, säger ett sydafrikanskt nyhetsankare efter nattens påhopp.";https://www.dn.se/varlden/trump-stoppar-allt-stod-till-sydafrika-behandlar-vissa-manniskor-mycket-daligt/;"2025-02-03 09:13:28";SamhalleKonflikter;0;0;0;0;0;0;1;0;0;0
98;"USAID:s personal ombedd att inte gå till jobbet";"Donald Trumps nära rådgivare Elon Musk vill lägga ner biståndsmyndigheten USAID och säger att presidenten är med på beslutet. ”USAID är en kriminell organisation”, dundrar han på sin plattform X där USAID har portats. Enligt källor överväger Trump att sammanslå myndigheten med utrikesdepartementet.";https://www.dn.se/varlden/musk-trump-med-pa-att-skrota-usaid/;"2025-02-03 09:12:17";SamhalleKonflikter;0;0;0;0;0;0;1;0;0;0
99;"Fallet på Stockholmsbörsen mattas av";"Stockholmsbörsens nedgång har mattats av något. Vid lunchtid är OMXS-index ned 1,9 procent.";https://www.dn.se/ekonomi/bred-nedgang-pa-stockholmsborsen-13/;"2025-02-03 09:09:15";SamhalleKonflikter;0;0;0;0;0;0;1;0;0;0
100;"Med uppdrag att stoppa bidragsfusket";"Nya Utbetalningsmyndigheten har på ett år hittat över 300 misstänkta bidragsbrott genom att samköra myndigheternas system, fall som inte hade upptäckts med tidigare metoder. Nästa steg är att ta fram en modell för att upptäcka fusk kopplat till utlandet, berättar generaldirektören Per Eleblad.";https://www.dn.se/ekonomi/med-uppdrag-att-stoppa-bidragsfusket/;"2025-02-03 08:57:07";;0;0;0;0;0;0;0;0;0;0
101;"Europa oroar sig över Trump 2.0 – resten av världen optimistiska";"BRYSSEL. I Europa betraktas Donald Trump som en fara. Men i stora delar av övriga världen tror man i stället att maktskiftet i USA kan få stopp på kriget i Ukraina, visar en global opinionsmätning.";https://www.dn.se/varlden/europa-oroar-sig-over-trump-2-0-resten-av-varlden-optimistiska/;"2025-02-03 08:46:44";SamhalleKonflikter;0;0;0;0;0;0;1;0;0;0
102;"Trump rensar hemsidor på ”mångfald” och ”inkludering”";"Efter president Donald Trumps direktiv rensas amerikanska myndigheters webbplatser på ord som ”mångfald” och ”inkludering”. Uttryck som ”gravida människor” ersätts med ”gravida kvinnor”, rapporterar Washington Post.";https://www.dn.se/varlden/trump-rensar-hemsidor-pa-mangfald-och-inkludering/;"2025-02-03 08:46:08";SamhalleKonflikter;0;0;0;0;0;0;1;0;0;0
103;"Kalena: Det kanske inte alls var North Dakota du såg";"Äntligen når Kalena sin 49:e delstat. Men har du sett North Dakota på film eller tv är det stor chans att du såg något helt annat.";https://www.dn.se/kultur/kalena-det-kanske-inte-alls-var-north-dakota-du-sag/;"2025-02-03 07:36:13";;0;0;0;0;0;0;0;0;0;0
104;"Oväntad coach i historiska matcher: ”Känns speciellt”";"När det för första gången ska spelas hockeymatcher i nyrenoverade Avicii arena är det inte ordinarie förbundskapten Sam Hallam som basar över laget. I stället kommer Tre Kronor under veckans landslagsturnering ledas av vikarien Magnus Hävelid.";https://www.dn.se/sport/ovantad-coach-i-historiska-matcher-kanns-speciellt/;"2025-02-03 07:18:49";;0;0;0;0;0;0;0;0;0;0
105;"Lamar prisades för diss – Beyoncés album bäst";"Världsstjärnan Kendrick Lamar prisades två gånger om för sin Drake-diss ”Not like Us”, som tog hem både årets låt och årets inspelning. Årets album blev Beyoncés ”Cowboy Carter” och årets artist Chappell Roan.";https://www.dn.se/kultur/lamar-prisades-for-diss-beyonces-album-bast/;"2025-02-03 06:55:34";SamhalleKonflikter;0;0;0;0;0;0;1;0;0;0
106;"Rättsläkare: Större risk att utomstående skadas";"När gängen använder militära kulor ökar risken för att utomstående drabbas av skjutvapenvåldet, enligt rättsläkaren Lydia Kahn. – En helmantlad kula stannar inte upp i kroppen. Den fortsätter och riskerar att träffa tredje man, säger hon.";https://www.dn.se/sverige/rattslakare-storre-risk-att-utomstaende-skadas/;"2025-02-03 05:51:44";;0;0;0;0;0;0;0;0;0;0
107;"Gängen dödar med försvarets kulor: ”Mer kraftfulla”";"Kraftfulla helmantlade kulor blev över när militärförband lades ned runt millennieskiftet. Nu är försvarets gamla ammunition ett återkommande inslag i den grova brottsligheten – både i gängmord och i ett misstänkt terrorbrott. – Med tanke på hur ofta vi stöter på den vore det mer överraskande om det inte fanns fall med dödlig utgång, säger polischefen Kristian Malzoff om kulorna.";https://www.dn.se/sverige/gangen-dodar-med-forsvarets-kulor-mer-kraftfulla/;"2025-02-03 05:51:30";SamhalleKonflikter;0;0;0;0;0;0;1;0;0;0
108;"Alex Schulman: Är Carina Bergfeldt verkligen bra för folkhälsan?";"Programledaren själv verkar avstängd – och publiken skrattar på konstiga ställen och applåderar för ingenting. Är det bara jag som ser galenskapen i Carina Bergfeldts talkshow?";https://www.dn.se/sverige/alex-schulman-ar-carina-bergfeldt-verkligen-bra-for-folkhalsan/;"2025-02-03 05:39:22";LivsstilFritt;0;0;0;0;0;1;0;0;0;0
109;"Bill Gates: I dag hade jag fått diagnosen autism";"Innan han grundade Microsoft och blev världens rikaste var han ett barn som kunde lära sig allt. Utom hur man fungerar med andra människor. För DN:s Linus Larsson berättar Bill Gates om sin förmodade autism, varför han slutade med lsd och vad han egentligen tänker om Elon Musk.";https://www.dn.se/varlden/bill-gates-i-dag-hade-jag-fatt-diagnosen-autism/;"2025-02-03 05:39:16";;0;0;0;0;0;0;0;0;0;0
110;"Explosion vid restaurang i Nacka";"Någonting har exploderat vid en restaurang i Björknäs i Nacka kommun öster om Stockholm. Det finns inga uppgifter skadade personer.";https://www.dn.se/sverige/explosion-vid-restaurang-i-nacka/;"2025-02-03 00:32:10";SamhalleKonflikter;0;0;0;0;0;0;1;0;0;0
111;"Insändare. Svar: Ellevios effektavgift skickar fel signaler till elkunderna";"SVAR PÅ INSÄNDARE. Ett av landets största nätbolag behöver återvända till ritbordet och ta fram en mer genomtänkt effektbaserad tariff. Den nya avgiften lägger en orimlig börda på villaägare och skickar dessutom ut fel signaler till elkunderna, skriver Stefan Westman.";https://www.dn.se/insandare/svar-ellevios-effektavgift-ger-skickar-signaler-till-elkunderna/;"2025-02-02 22:25:04";;0;0;0;0;0;0;0;0;0;0
112;"Expert: Trump kastar grus i hela världshandelns maskineri";"Med de kraftigt höjda tullavgifterna för Kanada, Mexiko och Kina orsakar Donald Trump ett allvarligt bakslag för hela den internationella handeln, anser SEB:s seniorekonom Robert Bergqvist. – Jag har gett upp tanken på att se någon logik i hans ekonomiska politik.";https://www.dn.se/ekonomi/expert-trump-kastar-grus-i-hela-varldshandelns-maskineri/;"2025-02-02 21:47:38";SamhalleKonflikter;0;0;0;0;0;0;1;0;0;0
113;"Meloni pressas efter att krigsbrottsanklagad släppts fri";"Premiärminister Giorgia Meloni har hamnat i blåsväder efter att Italien frigivit en krigsbrottsanklagad libysk polischef. Hennes kritiker hävdar att regeringen går Libyens ärenden och oppositionen kräver svar.";https://www.dn.se/varlden/meloni-pressas-efter-att-krigsbrottsanklagad-slappts-fri/;"2025-02-02 21:44:45";Politik;1;0;0;0;0;0;0;0;0;0
114;"Linn Grant fin trea i säsongspremiären";"Svenska Linn Grant stod för en fin säsongspremiär på LPGA-touren. Golfstjärnan slutade trea efter en rakt igenom stabil tävling.";https://www.dn.se/sport/linn-grant-fin-trea-i-sasongspremiaren/;"2025-02-02 21:37:37";Idrott;0;0;0;0;0;0;0;0;1;0
115;"Insändare. Låt föräldrar stanna hemma med barnen tills de börjar skolan";"INSÄNDARE. Samhället har nog stora pengar att spara på att kraftigt bygga ut föräldraförsäkringen och dra ner på förskolan. Det skulle ge fler lyckliga och harmoniska barn och färre gängmedlemmar, skriver Rolf Hägglund.";https://www.dn.se/insandare/lat-foraldrar-stanna-hemma-med-barnen-tills-de-borjar-skolan/;"2025-02-02 19:00:00";;0;0;0;0;0;0;0;0;0;0
116;"Insändare. Vi bör omvärdera vad livskvalitet egentligen innebär";"INSÄNDARE. Framtidens lyx är inte en högre lön, utan frihet att välja ett liv som känns äkta och hållbart. Det handlar om att våga bygga ett liv som inte passar in i samhällets traditionella mallar, men som passar dig, skriver brodösen och upplevelsedesignern Mira B Lindh.";https://www.dn.se/insandare/vi-bor-omvardera-vad-livskvalitet-egentligen-innebar/;"2025-02-02 05:00:00";;0;0;0;0;0;0;0;0;0;0
117;"Dagens Nyheter söker sommarvikarier";"Kom och jobba med oss på DN i sommar. Vi söker webbredaktörer, reportrar och redigerare till våra olika avdelningar.";https://www.dn.se/dagens-nyheter-soker-sommarvikarier/;"2025-02-01 10:44:20";SamhalleKonflikter;0;0;0;0;0;0;1;0;0;0
118;"Flera skjutna vid skola i Örebro kommunen öppnar kriscenter";"Örebro kommun ”jobbar febrilt” för att få en bild av situationen efter skottdådet på Risbergska skolan, säger…";https://www.aftonbladet.se/nyheter/a/B0evR0/kommunen-oppnar-kriscenter-maste-ta-hand-om-manniskorna;"2025-02-04 14:08:16";SamhalleKonflikter;0;0;0;0;0;0;1;0;0;0
119;"Flera skjutna i Örebro – detta har hänt";"Flera personer har skjutits i Örebro. Det här är vad som hittills är känt.";https://www.aftonbladet.se/nyheter/a/zAzQrK/flera-skjutna-i-orebro-detta-har-hant;"2025-02-04 13:57:37";SamhalleKonflikter;0;0;0;0;0;0;1;0;0;0
120;"Skärpta krav på arbetslösa: För slappt";"Regeringen tänker öka kraven på arbetslösa som omfattas av olika arbetsmarknadsåtgärder.";https://www.aftonbladet.se/nyheter/a/KMXe3X/skarpta-krav-pa-arbetslosa-for-slappt;"2025-02-04 13:45:21";;0;0;0;0;0;0;0;0;0;0
121;"Minst fem personer skadade i skolskjutning i Örebro";"Minst fem personer skadade i skolskjutning i Örebro";https://tv.aftonbladet.se/video/380637;"2025-02-04 13:43:00";SamhalleKonflikter;0;0;0;0;0;0;1;0;0;0
122;"Lärare: "Hörde skotten och barrikaderade mig"";"Fem personer har skjutits vid Campus Risbergska i Örebro. – Jag hörde skotten och barrikaderade mig, säger läraren…";https://www.aftonbladet.se/nyheter/a/xmdwAn/larare-horde-skotten-och-barrikaderade-mig;"2025-02-04 13:35:02";SamhalleKonflikter;0;0;0;0;0;0;1;0;0;0
123;"It-teknikern Magnus gömmer sig: ”Poliser överallt”";"It-teknikern Magnus Håkansson hörde två skott och rusade ut i skolkorridoren.";https://www.aftonbladet.se/nyheter/a/MnXmVJ/it-teknikern-magnus-gommer-sig-poliser-overallt;"2025-02-04 13:10:01";SamhalleKonflikter;0;0;0;0;0;0;1;0;0;0
124;"Tre experter om vad som händer när Putin dör";"PLUS Vad händer när Putin dör? Aftonbladet ställde frågan till tre experter: – Aleksej Djumin tar över, säger Malcolm…";https://www.aftonbladet.se/nyheter/a/dRalJo/experterna-svarar-det-hander-nar-putin-dor;"2025-02-04 13:00:04";SamhalleKonflikter;0;0;0;0;0;0;1;0;0;0
125;"Strömmer: Mycket allvarliga uppgifter";"Flera partiledare och ministrar kommenterar nu våldsdådet vid en skola i Örebro.";https://www.aftonbladet.se/nyheter/a/dRajXB/strommer-mycket-allvarliga-uppgifter;"2025-02-04 12:59:13";SamhalleKonflikter;0;0;0;0;0;0;1;0;0;0
126;"LIVE: Stor polisinsats vid skola i Örebro";"Det pågår just nu en stor polisinsats vid Risbergska skolan i Örebro. Polisen kallar det en allvarlig händelse.";https://www.aftonbladet.se/nyheter/a/EyXmPK/live-stor-polisinsats-vid-skola-i-orebro;"2025-02-04 12:28:56";SamhalleKonflikter;0;0;0;0;0;0;1;0;0;0
127;"Han ska mota Musk i EU";"Hur ska demokratin skyddas från otillbörlig påverkan – utan att yttrandefriheten offras?";https://www.aftonbladet.se/nyheter/a/zAzkJq/han-ska-mota-musk-i-eu;"2025-02-04 12:11:07";SamhalleKonflikter;0;0;0;0;0;0;1;0;0;0
128;"Hon kräver EU-plan mot våldet";"”Vi kan inte ha Vilda västern på nätet”, manar EU-parlamentsledamoten Evin Incir (S) som nu kräver att EU agerar mot…";https://www.aftonbladet.se/nyheter/a/lwaeyA/hon-kraver-eu-plan-mot-valdet;"2025-02-04 12:07:50";Politik;1;0;0;0;0;0;0;0;0;0
129;"Larmar: Katastrof nära på Västbanken";"Situationen i det etablerade flyktinglägret Jenin på Västbanken blir bara värre och värre, larmar FN:s organ för…";https://www.aftonbladet.se/nyheter/a/wgk4mn/larmar-katastrof-nara-pa-vastbanken;"2025-02-04 11:59:24";Politik,SamhalleKonflikter;1;0;0;0;0;0;1;0;0;0
130;"Fem skjutna inne på komvux i Örebro";"Fem personer har blivit skjutna vid Campus Risbergska i Örebro. – Det har skett inne på skolan, säger polisens…";https://www.aftonbladet.se/nyheter/a/25gylR/misstankt-grovt-valdsbrott-i-orebro;"2025-02-04 11:56:47";SamhalleKonflikter;0;0;0;0;0;0;1;0;0;0
131;"Flera döda vid skolskjutning i Örebro";"Klockan 12.33 kom larmet om pågående dödligt våld vid Risbergska skolan i Örebro.";https://www.aftonbladet.se/nyheter/a/4BlVgo/stor-polisinsats-i-orebro-misstankt-grovt-vald;"2025-02-04 11:52:55";SamhalleKonflikter;0;0;0;0;0;0;1;0;0;0
132;"Minister KU-anmäls för "vänskapskorruption"";"Vänsterpartiet anmäler finansmarknadsminister Niklas Wykman (M) tillsammans med regeringen till…";https://www.aftonbladet.se/nyheter/a/o3xelW/minister-ku-anmals-for-vanskapskorruption;"2025-02-04 11:17:41";Politik;1;0;0;0;0;0;0;0;0;0
133;"Nagelsalonger polisanmälda – efter granskning";"Omfattande brister i arbetsmiljö, människoexploatering och misstänkta brott mot utlänningslagen.";https://www.aftonbladet.se/nyheter/a/0VqbXB/nagelsalonger-polisanmalda-efter-granskning;"2025-02-04 11:10:55";SamhalleKonflikter;0;0;0;0;0;0;1;0;0;0
134;"Dödlig robotattack i östra Ukraina";"Minst fem människor har mist livet och ett femtiotal skadats i en rysk robotattack mot den östukrainska staden Izyum.";https://www.aftonbladet.se/nyheter/a/4BlVRa/dodlig-robotattack-i-ostra-ukraina;"2025-02-04 10:45:13";SamhalleKonflikter;0;0;0;0;0;0;1;0;0;0
135;"Krisinsats: Skolinspektionen tar över skola";"Skolinspektionen tar i ett ovanligt skarpt beslut över en kommunal skola.";https://www.aftonbladet.se/nyheter/a/AvBXGr/skolinspektionen-tar-over-skola-i-gallivare;"2025-02-04 10:43:17";SamhalleKonflikter;0;0;0;0;0;0;1;0;0;0
136;"Skalvmysteriet på Santorini – tusentals lämnar";"Tusentals oroliga människor fortsätter att lämna den grekiska turistön Santorini, i skenet av de jordskalv som bara…";https://www.aftonbladet.se/nyheter/a/0VqboA/skalvmysteriet-pa-santorini-tusentals-lamnar;"2025-02-04 10:40:13";SamhalleKonflikter;0;0;0;0;0;0;1;0;0;0
137;"Dödliga strider i välbärgat område i Haiti";"Väpnade gäng har gått till angrepp mot ett välbärgat och tidigare relativt förskonat område utanför Haitis huvudstad…";https://www.aftonbladet.se/nyheter/a/bm6e8d/dodliga-strider-i-valbargat-omrade-i-haiti;"2025-02-04 10:23:15";SamhalleKonflikter;0;0;0;0;0;0;1;0;0;0
138;"Greta Thunberg åtalas efter protest vid KTH";"Klimataktivisten Greta Thunberg åtalas för ohörsamt mot ordningsvakten efter en protest mot Israel vid Kungliga Tekniska…";https://www.aftonbladet.se/nyheter/a/Xj3EjE/greta-thunberg-atalas-efter-protest-vid-kth;"2025-02-04 10:15:02";SamhalleKonflikter;0;0;0;0;0;0;1;0;0;0
139;"Öknar och översvämningar oroar i EU";"Bara 40 procent av ytvattnet i EU är i gott skick, varnar förra EU-ministern Jessika Roswall i sin första stora rapport…";https://www.aftonbladet.se/nyheter/a/mPxeP1/oknar-och-oversvamningar-oroar-i-eu;"2025-02-04 10:13:36";;0;0;0;0;0;0;0;0;0;0
140;"Då greps den misstänkta dubbelmördaren i Piteå";"Männen hittades döda av en granne i villaidyllen i Piteå. Drygt tio timmar senare hade polisen en misstänkt.";https://www.aftonbladet.se/nyheter/a/8qVxdW/pieta-da-greps-den-misstankta-dubbelmordaren;"2025-02-04 10:13:01";SamhalleKonflikter;0;0;0;0;0;0;1;0;0;0
141;"Vlado höll sin pizzeria öppen – trots bombdådet";"Statsministern säger att samhället saknar kontroll över våldsvågen som sveper över Stockholm.";https://www.aftonbladet.se/nyheter/a/5EeB8z/vlado-holl-sin-pizzeria-i-bredang-oppen-trots-bombdadet;"2025-02-04 10:02:12";;0;0;0;0;0;0;0;0;0;0
142;"Mordutredning läggs ner efter dödsfall i Borås";"En man i 20-årsåldern hittades i höstas död vid en idrottsplats i Borås.";https://www.aftonbladet.se/nyheter/a/yEJGvr/mordutredning-laggs-ner-efter-dodsfall-i-boras;"2025-02-04 09:53:30";SamhalleKonflikter;0;0;0;0;0;0;1;0;0;0
143;"Präst och bankman åtalade i ekohärva";"14 personer åtalas i en omfattande ekohärva gällande två fastighetsköp i Södertälje.";https://www.aftonbladet.se/nyheter/a/lwaegL/prast-och-bankman-atalade-i-ekoharva;"2025-02-04 09:47:21";SamhalleKonflikter;0;0;0;0;0;0;1;0;0;0
144;"15 sökte vård efter mindre gasutsläpp i Norge";"Minst 15 anställda vid Boliden i norska Odda uppsökte under tisdagen sjukvård på grund av en läcka av svaveloxider.";https://www.aftonbladet.se/nyheter/a/JbXL0b/15-till-sjukhus-i-norge-fick-i-sig-gas;"2025-02-04 09:13:56";SamhalleKonflikter;0;0;0;0;0;0;1;0;0;0
145;"Thedéen: Räntan har sänkts tillräckligt mycket";"Riksbankschefen Erik Thedéen bedömer att det inte är aktuellt med flera räntesänkningar i närtid.";https://www.aftonbladet.se/nyheter/a/VzXaVW/thedeen-rantan-har-sankts-tillrackligt-mycket;"2025-02-04 09:12:17";SamhalleKonflikter;0;0;0;0;0;0;1;0;0;0
146;"Orbán varnar EU för "Trump-tornado"";"Ungerns premiärminister Viktor Orbán, en av Donald Trumps främsta allierade i Europa, uppmanar EU att förhandla fram ett…";https://www.aftonbladet.se/nyheter/a/qPxVog/orban-varnar-eu-for-trump-tornado;"2025-02-04 09:01:55";Politik,SamhalleKonflikter;1;0;0;0;0;0;1;0;0;0
147;"Musk släpps in i känsligt system: ”Är galet farligt”";"PLUS Elon Musks representanter har fått full tillgång till ett känsligt betalningssystem.";https://www.aftonbladet.se/nyheter/a/PpXOLz/musk-slapps-in-i-kansligt-system-ar-galet-farligt;"2025-02-04 08:57:52";SamhalleKonflikter;0;0;0;0;0;0;1;0;0;0
148;"Förslag: Lättare att göra abort i hemmet";"Könsneutrala formuleringar, bättre möjlighet att utföra aborter i hemmet och stärkt roll för barnmorskor.";https://www.aftonbladet.se/nyheter/a/8qVx0W/forslag-fler-aborter-i-hemmet;"2025-02-04 08:50:12";Ekonomi;0;0;0;0;1;0;0;0;0;0
149;"Så kan abortlagen ändras";"Abortlagen i Sverige är 50 år gammal. Nu föreslås i en utredning att den ska moderniseras genom att den som vill avbryta…";https://www.aftonbladet.se/nyheter/a/vgGVjX/utredning-om-abortlagen-klar;"2025-02-04 08:36:45";;0;0;0;0;0;0;0;0;0;0
150;"RÅ pekar ut nämndeman som jävig";"En nämndeman i hovrätten som var med och friade tidigare livstidsdömda efter ett mord i Helsingborg pekas av…";https://www.aftonbladet.se/nyheter/a/kwxBza/ra-namndeman-javig-slakting-till-mordfriad;"2025-02-04 08:22:36";SamhalleKonflikter;0;0;0;0;0;0;1;0;0;0
151;"Armépiloten Rebecca Lobach, 28, dog i flygtragedin";"PLUS Kapten Rebecca Lobach, 28, var en av helikopterpiloterna som dog i flygtragedin i Washington.";https://www.aftonbladet.se/nyheter/a/B0eG4E/piloten-rebecca-28-dog-i-flygkraschen-i-washington;"2025-02-04 07:58:54";SamhalleKonflikter;0;0;0;0;0;0;1;0;0;0
152;"Regeringen föreslår nya regler för vinterdäck";"<img src="https://static.bonniernews.se/images/bb/32/bb322af87ed640cea2c213c7ec9b75ee/16x9/265@70.png" /><p>Regeringen anser att dagens vinterdäckregler inte är tillräckliga utan föreslår förändringar i regelverket. Målet är att de nya och skärpta reglerna ska träda i kraft redan i höst.</p>";https://teknikensvarld.expressen.se/nyheter/bil-och-trafik/regeringen-foreslar-nya-regler-for-vinterdack/;"2025-02-04 14:35:42";;0;0;0;0;0;0;0;0;0;0
153;"Andreas, 28, är inlåst i skolan: ”Hörde smällar och höga skrik”";"<img src="https://static.bonniernews.se/images/a9/c8/a9c8609fda4d44169badc17d05f7d0c9/16x9/265@70.jpg" /><p>En skjutning med automatvapen har inträffat vid en skola i Örebro.</p><p>Polis och räddningstjänst har satt in stora resurser i området, och allmänheten uppmanas att hålla sig borta.</p><p>Elever har barrikaderat sig och sitter inrymda i skolan.</p><p>– Vi hörde tre smällar och höga skrik, säger Andreas Sundling från ett av Risbergska skolans klassrum.</p>";https://www.expressen.se/nyheter/sverige/andreas-28-ar-inlast-i-skolan-horde-smallar-och-hoga-skrik/;"2025-02-04 14:06:51";SamhalleKonflikter;0;0;0;0;0;0;1;0;0;0
154;"Följ Expressens direktrapport om insatsen i Örebro";"<img src="https://static.bonniernews.se/images/2a/be/2abec252294440d68a9c9a799aa9cff8/16x9/265@70.png" /><p>En stor insats pågår i Örebro efter larm om pågående dödligt våld.&nbsp;</p><p>Följ Expressens direktrapport här.&nbsp;</p>";https://www.expressen.se/nyheter/sverige/folj-expressens-direktrapport-om-insatsen-i-orebro/;"2025-02-04 13:47:33";SamhalleKonflikter;0;0;0;0;0;0;1;0;0;0
155;"Populär tv-profil åtalad för våldtäkt";"<img src="https://static.bonniernews.se/images/ad/d5/add55cddf55847949043bf80e9534a23/16x9/265@70.png" /><p>En populär svensk tv-profil åtalas för våldtäkt.</p>";https://www.expressen.se/noje/popular-tv-profil-atalad-for-valdtakt/;"2025-02-04 14:48:18";SamhalleKonflikter;0;0;0;0;0;0;1;0;0;0
156;"Fem skjutna vid skola i Örebro – massiv insats";"<img src="https://static.bonniernews.se/images/3b/1c/3b1cfe50a4e64a6da892dc453c23b204/16x9/265@70.png" /><p>Fem personer har skjutits inne på Risbergska komvux i Örebro.&nbsp;</p><p>Enligt <a href="https://www.aftonbladet.se/nyheter/a/4BlVgo/stor-polisinsats-i-orebro-misstankt-grovt-vald">Aftonbladet</a> och <a href="https://www.tv4.se/artikel/20oAK7ziDjVyF8ciRzl2LK/flera-skjutna-pa-skola-i-oerebro-foelj-direktrapporteringen">TV4 Nyheternas</a> uppgifter ska flera personer vara döda.</p><p>– Det är fortsatt en pågående insats, säger Lars Hedelin vid polisen.&nbsp;</p><p>Sjukhuset har gått upp i stabsläge.&nbsp;</p><p>Gärningspersonen har skjutit sig själv, enligt uppgifter till Expressen.&nbsp;</p><p>Ingen polis har blivit skottskadad i samband med insatsen, uppger polisen.</p>";https://www.expressen.se/nyheter/sverige/misstankt-grovt-valdsbrott-jjv4b/;"2025-02-04 13:04:12";SamhalleKonflikter;0;0;0;0;0;0;1;0;0;0
157;"Polisen misstänker: Norsk tv-stjärna utsatt för övergrepp av Marius";"<img src="https://static.bonniernews.se/images/84/f1/84f1f9cefcab4a4bbed8a06411cf50a8/16x9/265@70.png" /><p>Marius Borg Høiby anklagas för att ha utsatt ytterligare en kvinna för övergrepp.</p><p>Tv-stjärnan Linni Meister fick veta att hon utsatts först i polisförhör.</p><p>– Det här kom som en överraskning, säger hennes advokat John Christian Elden till <a href="https://www.dagbladet.no/nyheter/i-hoiby-avhor-sjokkert/82625120">Dagbladet.</a>&nbsp;</p>";https://www.expressen.se/noje/kungligt/polisen-misstanker-norsk-tv-stjarna-utsatt-for-overgrepp-av-marius/;"2025-02-04 12:55:54";SamhalleKonflikter;0;0;0;0;0;0;1;0;0;0
158;"Tre män misstänks för sexköp på hotell";"<img src="https://static.bonniernews.se/images/fe/27/fe2752fb7b5c424e9d5ded9862ea9c18/16x9/265@70.jpg" /><p>Tre män misstänks för sexköp på ett hotell i Umeå.</p><p>Två av männen ska ha ertappats under lördagen och en man ska ha blivit påkommen under måndagen, enligt polisen.</p>";https://www.expressen.se/nyheter/sverige/tre-man-misstanks-for-sexkop-pa-hotell/;"2025-02-04 12:26:32";SamhalleKonflikter;0;0;0;0;0;0;1;0;0;0
159;"Nakna manifestationen – klättrar upp på polisbil";"<img src="https://static.bonniernews.se/images/92/0d/920d953b96294f8393a495df6bd4309b/16x9/265@70.png" /><p>Utmanar Irans klädlagar – återkommande förklaringen</p>";https://www.expressen.se/tv/nyheter/varlden/manifesterar-naken-klattrar-pa-polisbil;"2025-02-04 12:25:45";SamhalleKonflikter;0;0;0;0;0;0;1;0;0;0
160;"Johan Forssells känga till Elon Musk – efter orden om flyktingar";"<img src="https://static.bonniernews.se/images/9f/fd/9ffd3a1b44c74492b599f43fe4d8b331/16x9/265@70.png" /><p>Elon Musk har vid flera tillfällen lagt sig i europeisk politik.</p><p>Nu svarar migrationsminister Johan Forssell (M) på hans senaste inlägg om flyktingar i Sverige.</p><p>– Det kommer väl 20 tweets om dagen från Elon Musk.</p>";https://www.expressen.se/nyheter/sverige/johan-forssells-kanga-till-elon-musk-efter-orden-om-flyktingar/;"2025-02-04 11:52:11";SamhalleKonflikter;0;0;0;0;0;0;1;0;0;0
161;"Åtal mot Greta Thunberg – efter protest på KTH";"<img src="https://static.bonniernews.se/images/3e/4c/3e4ca1757d4e43f780f0b380491f3d32/16x9/265@70.jpg" /><p>Greta Thunberg åtalas efter att ha deltagit i Israelprotester vid KTH i Stockholm i slutet maj förra året.&nbsp;</p><p>Enligt åtalet ska Thunberg bland annat ha skrikit, fört oväsen, bankat på rutor – och inte lyssnat på polisen.</p>";https://www.expressen.se/nyheter/sverige/atal-mot-greta-thunberg-efter-protest-pa-kth/;"2025-02-04 11:08:02";SamhalleKonflikter;0;0;0;0;0;0;1;0;0;0
162;"Rusning efter etanolbilar inför skattehöjning";"<img src="https://static.bonniernews.se/images/0f/7c/0f7c6cfeba3447119e1f9d62eaa747dc/16x9/265@70.png" /><p>Det var många år sedan E85-bilar var i ropet, men under föregående månad hände något. Många fler etanolbilar registrerades än på väldigt länge. Anledningen är att bilar som körs på E85-bränslet från och med senaste månadsskiftet drabbas av malus-skatt, något som höjer fordonsskatten med tusentals kronor per år.</p>";https://teknikensvarld.expressen.se/nyheter/miljo-och-teknik/rusning-efter-etanolbilar-infor-skattehojning/;"2025-02-04 12:02:35";;0;0;0;0;0;0;0;0;0;0
163;"Mordutredning läggs ner efter dödsfall i Borås";"<img src="https://static.bonniernews.se/images/ef/be/efbea38cad5c4db1ad7fc7fb58b719cf/16x9/265@70.jpg" /><p>En man i 20-årsåldern hittades i höstas död vid en idrottsplats i Borås.&nbsp;</p><p>Händelsen har utretts som ett misstänkt mord, men har nu konstaterats handla om ett sjukdomsfall, rapporterar <a href="https://www.svt.se/nyheter/lokalt/vast/mordundersokning-nedlagd-efter-dodsfallet-vid-byttorps-idrottsplats">SVT Nyheter Väst</a>.</p>";https://www.expressen.se/nyheter/sverige/mordutredning-laggs-ner-efter-dodsfall-i-boras/;"2025-02-04 10:54:59";SamhalleKonflikter;0;0;0;0;0;0;1;0;0;0
164;"Bonnier bötfälls – ska betala 13 miljoner";"<p>Bonnier News bötfälls med 13 miljoner kronor för att ha brutit mot dataskyddsförordningen, beslutar förvaltningsrätten.</p>";https://www.expressen.se/nyheter/sverige/bonnier-botfalls-ska-betala-13-miljoner-/;"2025-02-04 10:34:07";SamhalleKonflikter;0;0;0;0;0;0;1;0;0;0
165;"Utredning: Hemaborter ska bli lättare";"<img src="https://static.bonniernews.se/images/f8/84/f8845bfa07934176b282d9312a0197df/16x9/265@70.jpg" /><p>Det ska bli lättare att göra abort hemma.&nbsp;</p><p>Det menar regeringens utredare, Inga-Maj Andersson, som under tisdagen lade fram flera förslag om förändringar i abortlagstiftningen.&nbsp;</p>";https://www.expressen.se/nyheter/sverige/hemaborter-ska-bli-lattare/;"2025-02-04 09:51:44";;0;0;0;0;0;0;0;0;0;0
166;"Röda korset slutar sälja Shein-kläder";"<img src="https://static.bonniernews.se/images/d9/00/d90078aad84e4bb78469fef9cee53568/16x9/265@70.jpg" /><p>Svenska Röda korset uppmanar sina second hand-butiker att sluta sälja vidare kläder från det kinesiska fast fashion-företaget Shein, rapporterar <a href="https://www.sverigesradio.se/artikel/utspelet-fran-roda-korset-sluta-salja-shein-klader">P4 Sörmland</a>.</p>";https://www.expressen.se/ekonomi/konsument/roda-korset-slutar-salja-shein-klader/;"2025-02-04 09:43:42";SamhalleKonflikter;0;0;0;0;0;0;1;0;0;0
167;"Misstänkte mannen i Piteå – nekar till brott";"<img src="https://static.bonniernews.se/images/63/c7/63c7cff7252c4c81830fc6479cb61461/16x9/265@70.jpg" /><p>Två män hittades döda i en villa i Piteå under fredagskvällen.</p><p>De beskrivs som ”eldsjälar” av RFSL Piteå, där de båda var engagerade.&nbsp;</p><p>Nu är föreningen i chock.&nbsp;</p><p>– Vi tar hand om varandra, säger RFSL Piteås ordförande.</p><p>En man i 30-årsåldern har begärts häktad.&nbsp;</p>";https://www.expressen.se/nyheter/sverige/misstankte-mannen-i-pitea-nekar-till-brott/;"2025-02-04 09:40:02";SamhalleKonflikter;0;0;0;0;0;0;1;0;0;0
168;"S-toppen Karin Wanngård har fått tvillingar";"<img src="https://static.bonniernews.se/images/b2/8e/b28e061ae4a04e1799fd8a484604e11f/16x9/265@70.jpg" /><p>Stockholms stads högsta politiker, finansborgarrådet Karin Wanngård, 49, visar upp de nyfödda tvillingpojkarna på Instagram.&nbsp;</p><p>”Adam och Isak. Ni är efterlängtade”, skriver hon till en bild på pojkarna från sjukhuset.&nbsp;</p>";https://www.expressen.se/nyheter/sverige/s-toppen-karin-wanngard-har-fatt-tvillingar-/;"2025-02-04 09:02:33";;0;0;0;0;0;0;0;0;0;0
169;"Lundsberg stäms – elev hittades avsvimmad";"<img src="https://static.bonniernews.se/images/07/89/0789729b3abd4a29bf5a13236e766464/16x9/265@70.jpg" /><p>Under sin tid på Lundsberg hittades eleven av sina skolkamrater avsvimmad utomhus.&nbsp;</p><p>Nu stämmer den före detta eleven internatskolan Lundsberg på närmre en miljon kronor, rapporterar <a href="https://www.sverigesradio.se/artikel/lundsberg-stams-for-diskriminering-elev-hittades-avsvimmad">P4 Värmland.</a></p><p>Han anser att skolan inte erbjudit tillräckligt med individuellt anpassat stöd.</p>";https://www.expressen.se/nyheter/sverige/lundsberg-stams-elev-hittades-avsvimmad/;"2025-02-04 09:06:03";;0;0;0;0;0;0;0;0;0;0
170;"Jens Stoltenberg blir finansminister";"<img src="https://static.bonniernews.se/images/81/01/8101bfc6049b4af09b4c6453f270facd/16x9/265@70.jpg" /><p>Natos tidigare generalsekreterare Jens Stoltenberg blir finansminister enligt uppgifter till VG.&nbsp;</p>";https://www.expressen.se/nyheter/varlden/jens-stoltenberg-blir-finansminister-/;"2025-02-04 08:52:25";SamhalleKonflikter;0;0;0;0;0;0;1;0;0;0
171;"Flyg-raseriet – efter  känsliga tillsägelsen";"<img src="https://static.bonniernews.se/images/39/70/3970898a01094f29a6f79f822553c77e/16x9/265@70.png" /><p>Bryter ”tabut”: ”Håll din jävla käft”</p>";https://www.expressen.se/tv/nyheter/varlden/far-spel-efter-kansliga-tillsagelsen-pa-flyget;"2025-02-04 08:37:47";SamhalleKonflikter;0;0;0;0;0;0;1;0;0;0
172;"”Gratäng från frysen var höjden av lyx”";"<p>Morgan Alling minns snabba fiskgratänger, en buffé utöver det vanliga och måltiden som ledde till sitt livs kärlek.</p>";https://www.svd.se/a/eMRyKM/morgan-alling-fiskgratang-fran-frysen-varhojden-av-lyx;"2025-02-04 15:09:54";SamhalleKonflikter;0;0;0;0;0;0;1;0;0;0
173;"Vad gör incel-mannen på bron?";"<p>Jerker Virdborgs nya roman utspelar sig på en bro, där gymnasisten Edvard fattat posto. Men vad gör han egentligen där? Vad vill han, och talar han verkligen sanning? Erika Hallhagen blir förvirrad. </p>";https://www.svd.se/a/3Me4GL/recension-bro-bro-av-jerker-virdborg;"2025-02-04 15:00:00";;0;0;0;0;0;0;0;0;0;0
174;"Flera skjutna i Örebro – detta har hänt";"<p>Flera personer har skjutits i Örebro. Det här är vad som hittills är känt.</p>";https://www.svd.se/a/wgk08o/flera-skjutna-i-orebro-detta-har-hant;"2025-02-04 14:57:38";SamhalleKonflikter;0;0;0;0;0;0;1;0;0;0
175;"Läraren på plats vid dramat: ”Kaos”";"<p>”Kaos”. Så beskriver läraren på campus Risbergska situationen efter tisdagens skottdrama. ”Folk är väldigt oroliga, för man vet inte vad som har hänt med kollegor och elever.”</p>";https://www.svd.se/a/EyXm05/larare-om-skjutningen-pa-skolan-i-orebro-det-ar-kaos;"2025-02-04 14:47:04";;0;0;0;0;0;0;0;0;0;0
176;"Kanye Wests fru: en kvinna utan agens?";"<p>Är den ständigt nakna Bianca Censori ett offer för sin man Kanye Wests kontrollerande sätt, eller kan hennes outfits berätta något om hur nakenhet inom mode används i relation till kvinnlig agens?</p>";https://www.svd.se/a/3MePGd/ar-kanye-west-fru-bianca-censori-en-kvinna-utan-egen-agens;"2025-02-04 14:32:04";SamhalleKonflikter;0;0;0;0;0;0;1;0;0;0
177;"”Omänskligt” fängelse ska ta emot amerikaner";"<p>Fängelset i El Salvador rymmer ungefär en procent av landets befolkning. Det är hit Donald Trumps regering, mot betalning, vill deportera både illegala invandrare och dömda amerikaner. </p>";https://www.svd.se/a/73oxyW/trump-vill-skicka-medborgare-till-fangelse-i-el-salvador;"2025-02-04 14:31:20";SamhalleKonflikter;0;0;0;0;0;0;1;0;0;0
178;"Strömmer: ”Mycket allvarliga uppgifter”";"<p>Våldsdådet i Örebro skakar om svensk politik och möts av starka reaktioner. ”Mina tankar går till de som befinner sig mitt i denna mardröm”, skriver SD-ledaren Jimmie Åkesson. <br /></p>";https://www.svd.se/a/zAzkn1/strommer-mycket-allvarliga-uppgifter;"2025-02-04 13:59:14";Politik;1;0;0;0;0;0;0;0;0;0
179;"Skottlossning på skola – fem personer skjutna";"<p>Fem personer har skjutits vid en skola i Örebro på tisdagen, bekräftar polisen. Skadeläget är oklart. Universitetssjukhuset har gått upp i stabsläge och bygger ut kapaciteten på iva. Polisen uppmanar allmänheten att hålla sig därifrån.</p>";https://www.svd.se/a/W0XxKG/polisinsats-pa-skola-i-orebro-misstankt-valdsbrott;"2025-02-04 13:15:50";SamhalleKonflikter;0;0;0;0;0;0;1;0;0;0
180;"Stor polisinsats i Örebro – misstänkt grovt våldsbrott";;https://www.svd.se/a/MnXmbr/stor-polisinsats-i-orebro-misstankt-grovt-valdsbrott;"2025-02-04 13:02:53";SamhalleKonflikter;0;0;0;0;0;0;1;0;0;0
181;"Larmar: Katastrof nära på Västbanken";"<p>Situationen i det etablerade flyktinglägret Jenin på Västbanken blir bara värre och värre, larmar FN:s organ för palestinska flyktingar, Unrwa.</p>";https://www.svd.se/a/QMXE08/larmar-katastrof-nara-pa-vastbanken;"2025-02-04 12:59:25";SamhalleKonflikter;0;0;0;0;0;0;1;0;0;0
182;"Rickard Olsson tävlar i &quot;Let&#x27;s dance&quot;";"<p>Hur dansant är Rickard Olsson? Det avgörs i årets ”Let's dance”, där det nu är klart att programledaren ska vara med och tävla, skriver Expressen.</p>";https://www.svd.se/a/8qVjV1/rickard-olsson-tavlar-i-let-s-dance;"2025-02-04 12:38:40";;0;0;0;0;0;0;0;0;0;0
183;"Succé för Spotify – gör rekordvinst";"<p>Efter tre raka kvartal med rekord­vinster gör Spotify återigen sitt bästa resultat hittills. Framöver tänker vd Daniel Ek investera mer i musik – och höja priserna.</p>";https://www.svd.se/a/0VqgOo/rekordvinst-for-spotify-pa-15-miljarder;"2025-02-04 12:25:13";;0;0;0;0;0;0;0;0;0;0
184;"Salonger anmäls efter granskning";"<p>Omfattande brister i arbetsmiljö, människoexploatering och misstänkta brott mot utlänningslagen.</p><p>Det upptäckte svenska myndigheter i en stor granskning av nagelvårdssalonger som genomfördes i slutet av fjolåret.</p>";https://www.svd.se/a/KMXle6/nagelsalonger-polisanmalda-efter-granskning;"2025-02-04 12:10:56";SamhalleKonflikter;0;0;0;0;0;0;1;0;0;0
185;"Hon ska leda juryn i Cannes";;https://www.svd.se/a/OoXmmb/hon-ska-leda-juryn-i-cannes;"2025-02-04 12:03:41";SamhalleKonflikter;0;0;0;0;0;0;1;0;0;0
186;"Spotify gör ny rekordvinst";;https://www.svd.se/a/pPxl9X/spotify-gor-ny-rekordvinst;"2025-02-04 12:03:17";;0;0;0;0;0;0;0;0;0;0
187;"Oväntat stort användarlyft för Spotify";"<p>Strömningstjänsten Spotify – en av årets vinnare på Wall Street – ökade antalet användare mer än väntat i fjärde kvartalet i fjol.</p><p>Vinsten – på ny rekordnivå – lyfte också mer än vad analytiker i snitt hade räknat med. Men utsikterna präglas av ”betydande osäkerhet”.</p>";https://www.svd.se/a/AvBXJn/ovantat-stort-anvandarlyft-for-spotify;"2025-02-04 12:02:07";;0;0;0;0;0;0;0;0;0;0
188;"Senaste nytt om kriget i Ukraina";"<p>SvD:s liverapport om Rysslands invasion av Ukraina – öppen för alla läsare. </p><p><a href="https://www.svd.se/a/wA9Gmd">Här hittar du vår direktbevakning av senaste nytt i alla ämnen. </a></p>";https://www.svd.se/a/ja1n9q/konflikten-mellan-ukraina-och-ryssland-har-ar-senaste-nytt;"2022-02-22 09:53:12";SamhalleKonflikter;0;0;0;0;0;0;1;0;0;0
189;"Experten: Kan bli USA-tullar på allt från EU";"<p>Läkemedel, fordon, elektrisk utrustning och livsmedel är några sektorer som antas ligga nära till hands när Donald Trump planerar tullar mot EU.</p><p>Men det kan också bli en bredsida med nya tullar på allt från EU – inklusive svensk USA-export.</p>";https://www.svd.se/a/QMXEwR/experten-kan-bli-usa-tullar-pa-allt-fran-eu;"2025-02-04 11:45:35";;0;0;0;0;0;0;0;0;0;0
190;"Krisinsats: Skolinspektionen tar över skola";"<p>Skolinspektionen tar i ett ovanligt skarpt beslut över en kommunal skola. Sjöparksskolan i Gällivare bedöms ha så allvarliga brister att Skolinspektionen låter sina rådgivare gå in och styra upp arbetet.</p>";https://www.svd.se/a/Xj3EWo/skolinspektionen-tar-over-skola-i-gallivare;"2025-02-04 11:43:18";SamhalleKonflikter;0;0;0;0;0;0;1;0;0;0
191;"Greta Thunberg åtalas efter demonstration vid KTH";;https://www.svd.se/a/Xj3EbE/greta-thunberg-atalas;"2025-02-04 11:10:49";SamhalleKonflikter;0;0;0;0;0;0;1;0;0;0
192;"SvD-artikel rör upp storm i Ungern";"<p>Nobelpristippade László Krasznahorkai kritiserade hemlandet Ungern i SvD. Intervjun väcker ilska i Ungern – författaren håller inte högre nivå än en genomsnittlig Facebook-kommentar, enligt en missnöjd ungersk krönikör.</p>";https://www.svd.se/a/QMXwRP/krasznahorkais-intervju-i-svd-vacker-ilska-i-ungern;"2025-02-04 11:10:44";;0;0;0;0;0;0;0;0;0;0
193;"Ministern: ”Språket är avgörande i alla ämnen”";"<p>Lovskola ska erbjudas elever som behöver extra träning i svenska språket. ”Språket är avgörande i alla ämnen” säger utbildningsminister Johan Pehrson (L). </p>";https://www.svd.se/a/pPxKQE/regeringen-lovskola-ska-forbattra-elevers-svenskkunskaper;"2025-02-04 11:03:24";;0;0;0;0;0;0;0;0;0;0
194;"Svenskar ska deporteras: ”Har man begått brott?”";"<p>Runt om i USA genomförs arbetsplatsräder och på drygt en vecka har tusentals illegala invandrare gripits. President Trump vill nu utvisa över en miljon icke-amerikaner – varav 120 är svenskar. ”Vi tittar både på vilka det är och försöker utröna den lagliga grunden,” säger migrationsminister Johan Forssell till SvD. </p>";https://www.svd.se/a/Xj3aVm/svenskar-deporteras-fran-usa;"2025-02-04 11:02:57";SamhalleKonflikter;0;0;0;0;0;0;1;0;0;0
195;"Mitt i kaffekrisen: ”Har lite ont i magen”";"<p>Priset på kaffe rusar. Hur länge ska det vara så dyrt? Och vilka blir konsekvenserna för den älskade drycken? SvD söker svaren på ett litet rosteri utanför Stockholm.</p>";https://www.svd.se/a/PpwQgX/priset-pa-kaffe-fortsatter-rusa-sa-paverkar-det-aktorerna;"2025-02-04 11:02:53";SamhalleKonflikter;0;0;0;0;0;0;1;0;0;0
196;"”Riskabelt att flytta adhd-vården”";"<p>Region Stockholms beslut att flytta utredningar och adhd-medicinering från privat drivna Bumm till regionens Bup är ett hot mot många barns hälsa. Väntetiderna försämrar möjligheten att få hjälp, skriver företrädare för Bumm. </p>";https://www.svd.se/a/PpXaE5/riskabelt-att-flytta-adhd-varden;"2025-02-04 11:00:00";;0;0;0;0;0;0;0;0;0;0
197;"Pallar du den här språkförändringen?";"<p>Vart är ordet palla på väg? Och är det överhuvudtaget någon som pallar reagera på ordets  förändrade valens?</p>";https://www.svd.se/a/EyXvL3/sara-lovestam-vart-ar-ordet-palla-pa-pa-vag;"2025-02-04 10:48:06";;0;0;0;0;0;0;0;0;0;0
198;"Heta sportmånaden – så ser du alla mästerskap";"<p>Grattis, alla sportdårar där ute. I februari är tablåerna fyllda med högklassig idrott. Så här följer du alla mästerskap och turneringar.</p>";https://www.svd.se/a/xmdVLn/sport-i-februari-sa-ser-du-hockey-skidskytte-och-alpina-vm;"2025-02-04 10:43:08";;0;0;0;0;0;0;0;0;0;0
199;"15 till sjukhus i Norge – fick i sig gas";;https://www.svd.se/a/PpXa1e/15-till-sjukhus-i-norge-fick-i-sig-gas;"2025-02-04 10:15:15";SamhalleKonflikter;0;0;0;0;0;0;1;0;0;0
200;"Thedéen: Inte aktuellt att sänka räntan";"<p>Riksbankschefen Erik Thedéen bedömer att det inte är aktuellt med flera räntesänkningar i närtid. Det slår han åter igen fast när nu protokollet från det senaste penningpolitiska mötet redovisas.</p>";https://www.svd.se/a/AvBJAn/thedeen-rantan-har-sankts-tillrackligt-mycket;"2025-02-04 10:11:43";;0;0;0;0;0;0;0;0;0;0
201;"Fler ska kunna göra abort hemma";"<p>Könsneutrala formuleringar, bättre möjlighet att utföra aborter i hemmet och stärkt roll för barnmorskor. Så föreslår regeringens utredare att abortlagen ska skrivas om.</p>";https://www.svd.se/a/73oxzo/forslag-fler-aborter-i-hemmet;"2025-02-04 09:50:13";;0;0;0;0;0;0;0;0;0;0
202;"Vittnet Magnus tvingades ner till marken av polis: ”Massor av blod”";"<p>”Jag beordrades att lägga mig ner och jag såg blod, massor av blod”</p>";https://sverigesradio.se/artikel/8875366;"2025-02-04 15:17:00";SamhalleKonflikter;0;0;0;0;0;0;1;0;0;0
203;"Svenskt medaljregn direkt på U23-VM";"<p>Dubbla guld, ett silver och ett brons i sprinten.</p>";https://sverigesradio.se/artikel/8875287;"2025-02-04 14:28:00";Idrott;0;0;0;0;0;0;0;0;1;0
204;"Greta Thunberg åtalas efter demonstration mot Israel";"<p>Aktivisten Greta Thunberg demonstrerade utanför KTH i våras.</p>";https://sverigesradio.se/artikel/8875117;"2025-02-04 12:39:00";SamhalleKonflikter;0;0;0;0;0;0;1;0;0;0
205;"Nato vill få lägesbild av Östersjön – med svensk hjälp";"<p>Ekots reporter Mikael Eriksson är ombord på HMS Carlskrona.</p>";https://sverigesradio.se/artikel/8875145;"2025-02-04 12:13:00";SamhalleKonflikter;0;0;0;0;0;0;1;0;0;0
206;"Misstänkt grovt våldsbrott vid skola i Örebro – fara för liv";"<p>Allmänheten uppmanas att hålla sig undan.</p>";https://sverigesradio.se/artikel/8875198;"2025-02-04 11:43:00";SamhalleKonflikter;0;0;0;0;0;0;1;0;0;0
207;"Facktopp riskerar sparken – med hänvisning till rikets säkerhet";"<p>I dag har Hamnarbetarförbundets blockad av krigsmateriel till och från Israel trätt i kraft.</p>";https://sverigesradio.se/artikel/8875085;"2025-02-04 11:26:00";Politik,SamhalleKonflikter;1;0;0;0;0;0;1;0;0;0
208;"Dådet i Aschaffenburg förändrade tysk valrörelse";"<p>Domineras av migrationsfrågan och krav på hårdare asylpolitik.</p>";https://sverigesradio.se/artikel/8875122;"2025-02-04 10:56:00";Ekonomi,SamhalleKonflikter;0;0;0;0;1;0;1;0;0;0
209;"Uddén om Netanyahu: Känd för att manipulera presidenter";"<p>Trumps första gäst – Netanyahu hoppas på stöd mot Hamas</p>";https://sverigesradio.se/artikel/8875031;"2025-02-04 10:50:00";Politik;1;0;0;0;0;0;0;0;0;0
210;"Regeringens utredare föreslår förändringar i abortlagen";"<p>Det ska bland annat bli lättare att göra abort i hemmet, enligt förslaget.</p>";https://sverigesradio.se/artikel/8875022;"2025-02-04 10:39:00";;0;0;0;0;0;0;0;0;0;0
211;"Fem skjutna i våldsdåd vid Risbergska skolan i Örebro";"<p>Polisen uppmanar allmänheten att hålla sig undan.&nbsp;</p>";https://sverigesradio.se/artikel/8875230;"2025-02-04 09:41:00";SamhalleKonflikter;0;0;0;0;0;0;1;0;0;0
212;"120 svenskar på lista – ska deporteras från USA";"<p>Personerna på listan har fått sitt slutgiltiga besked om att de måste lämna landet.</p>";https://sverigesradio.se/artikel/8874858;"2025-02-04 08:37:00";SamhalleKonflikter;0;0;0;0;0;0;1;0;0;0
213;"120 svenskar på lista – ska deporteras från USA";"<p>1,4 miljoner icke-amerikanska invånare ska utvisas från USA. </p>";https://sverigesradio.se/artikel/8874857;"2025-02-04 08:36:00";SamhalleKonflikter;0;0;0;0;0;0;1;0;0;0
214;"Mängder av militärprylar försvunna – nu nollas systemet";"<p>Hundratusentals termosar, sockar och och annat materiel har försvunnit.</p>";https://sverigesradio.se/artikel/8874841;"2025-02-04 08:30:00";SamhalleKonflikter;0;0;0;0;0;0;1;0;0;0
215;"Totalstopp i tågtrafiken i morgonruschen: ”Får tänka om”";"<p>Prognosen är att trafiken kan börja rulla först 8.30.</p>";https://sverigesradio.se/artikel/8874839;"2025-02-04 08:11:00";SamhalleKonflikter;0;0;0;0;0;0;1;0;0;0
216;"Färre investeringsbedrägerier anmäls";"<p>Finansinspektionen varnade för fler företag och hemsidor förra året jämfört med året innan.</p>";https://sverigesradio.se/artikel/8874745;"2025-02-04 08:10:00";;0;0;0;0;0;0;0;0;0;0
217;"El Salvador tar emot farliga kriminella från USA";"<p>USA:s utrikesminister Marco Rubio bekräftade dock inte att USA faktiskt vill skicka sina medborgare.</p>";https://sverigesradio.se/artikel/8874819;"2025-02-04 07:36:00";SamhalleKonflikter;0;0;0;0;0;0;1;0;0;0
218;"Nybliven pappa och debutanter i svenska VM-premiärlaget";"<p>Första tävlingen blir lagparallellen i österrikiska Saalbach.</p>";https://sverigesradio.se/artikel/8874809;"2025-02-04 07:26:00";;0;0;0;0;0;0;0;0;0;0
219;"Myndigheternas krav: Utred hur nya lagar påverkar integriteten";"<p>Vill få en samlad bild av senaste tidens lagändringar inom brottsbekämpning.</p>";https://sverigesradio.se/artikel/8874737;"2025-02-04 07:25:00";;0;0;0;0;0;0;0;0;0;0
220;"Mer värdesaker tas från kriminella: ”Kommer bara att stiga”";"<p>2024 togs värdesaker för 115 miljoner kronor. </p>";https://sverigesradio.se/artikel/8874757;"2025-02-04 07:21:00";SamhalleKonflikter;0;0;0;0;0;0;1;0;0;0
221;"Kinas svar: Strafftullar på amerikansk olja, gas och kol";"<p>Kina kommer att införa 15-procentiga tullar på import av kol av flytande naturgas.</p>";https://sverigesradio.se/artikel/8874798;"2025-02-04 06:52:00";SamhalleKonflikter;0;0;0;0;0;0;1;0;0;0
222;"Här fångas uttern på film – försvann från Öland på 60-talet";"Uttern ser ut att vara tillbaka på Öland. Nu har den fångats på film i en fiskräknare hos Ölands Sportfiskeklubb.";https://www.svt.se/nyheter/lokalt/smaland/har-fangas-uttern-pa-film-forsvann-fran-oland-pa-60-talet;"2025-02-04 15:09:33";;0;0;0;0;0;0;0;0;0;0
223;"De filmade när skottlossningen bröt ut: ”De skjuter!”";"I ett filmklipp från en närliggande skola hörs skotten från Campus Risbergska i Örebro.";https://www.svt.se/nyheter/lokalt/orebro/de-filmade-nar-skottlossningen-brot-ut-de-skjuter;"2025-02-04 15:07:41";SamhalleKonflikter;0;0;0;0;0;0;1;0;0;0
224;"Man häktad – körde in i ryska ambassadens grindar";"Den man som greps i slutet av januari efter att han kört på ryska ambassadens grindar har nu häktats. Han är tidigare dömd för ett liknande brott. 2018 tog han sig in på ”Rysshusets” område på Lidingö.";https://www.svt.se/nyheter/lokalt/stockholm/man-haktad-korde-in-i-ryska-ambassadens-grindar;"2025-02-04 15:01:46";SamhalleKonflikter;0;0;0;0;0;0;1;0;0;0
225;"LKAB:s larm – kommunens plan hotar Kirunagruvans framtid";"LKAB slår larm om att ett tillägg till Kiruna kommuns översiktsplan är ett hot mot Per Geijer-malmen och Kirunagruvans framtid. Markanvändningen är ändrad till friluftsliv och rennäring.";https://www.svt.se/nyheter/lokalt/norrbotten/lkabs-larm-kommunens-plan-hotar-kirunagruvans-framtid;"2025-02-04 14:26:30";Ekonomi;0;0;0;0;1;0;0;0;0;0
226;"Flera skjutna vid skola i Örebro";"Minst fem personer har skadats i samband med en skottlossning i Örebro. Följ SVT:s direktrapportering.";https://www.svt.se/nyheter/inrikes/flera-skjutna-vid-skola-i-orebro;"2025-02-04 14:11:51";SamhalleKonflikter;0;0;0;0;0;0;1;0;0;0
227;"Man i 30-årsåldern häktas för dubbelmord i Piteå – har tvångsvårdats";"Den man som anhållits misstänkt för dubbelmordet i Piteå häktades med restriktioner under tisdagen. Det var en granne som fann de två männen, båda i 60-årsåldern, döda i sovrummet.";https://www.svt.se/nyheter/lokalt/norrbotten/dubbelmordet-i-pitea-man-i-30-arsaldern-haktas;"2025-02-04 13:38:38";SamhalleKonflikter;0;0;0;0;0;0;1;0;0;0
228;"Pojke fick livshotande skador efter skjutning i Nyfors – polisen lägger ner fallet";"En 16-årig pojke blev skjuten med flera skott i Nyfors i Eskilstuna den 22 juli 2023 och ådrog sig livshotande skador men överlevde. Nu lägger polisen ner fallet i brist på bevis. – Vi kommer inte längre, säger åklagaren Anna Asklöf.";https://www.svt.se/nyheter/lokalt/sormland/pojke-fick-livshotande-skador-efter-skjutning-i-nyfors-polisen-lagger-ner-fallet;"2025-02-04 13:33:38";SamhalleKonflikter;0;0;0;0;0;0;1;0;0;0
229;"Oväntat stort lyft för Spotify";"Strömningstjänsten Spotify ökade antalet användare mer än väntat i fjärde kvartalet i fjol. Det framgår av rapporten som publicerades på tisdagen. Även vinsten lyfte mer än väntat till ny rekordnivå.";https://www.svt.se/nyheter/ekonomi/ovantat-stort-lyft-for-spotify;"2025-02-04 12:37:02";;0;0;0;0;0;0;0;0;0;0
230;"Greta Thunberg åtalas efter protest vid KTH";"Klimataktivisten Greta Thunberg åtalas för ohörsamhet mot ordningsmakten efter en protest mot Israel vid Kungliga Tekniska högskolan i Stockholm förra våren, skriver Expressen.";https://www.svt.se/nyheter/lokalt/stockholm/greta-thunberg-atalas-efter-protest-vid-kth;"2025-02-04 11:31:16";SamhalleKonflikter;0;0;0;0;0;0;1;0;0;0
231;"Heliskiing stoppades – nu överklagar staten beslutet";"Förvaltningsrätten gick på samebyarnas linje och stoppade heliskiing i två områden i Kirunafjället. Nu överklagas beslutet av staten. – Vi håller inte med i hur rätten resonerat , säger Jörgen Andersson, chef vid sektionen för luftrum och flygplatser på Transportstyrelsen, till NSD.";https://www.svt.se/nyheter/sapmi/heliskiing-stoppades-nu-overklagar-staten-beslutet;"2025-02-04 11:30:25";;0;0;0;0;0;0;0;0;0;0
232;"Staten tar kontroll över problemskola i Gällivare";"Skolinspektionen har fattat beslut om statliga åtgärder för Sjöparksskolan i Gällivare kommun. Skolan klarar inte av att ge eleverna den undervisning de behöver och bristerna kommer att åtgärdas på bekostnad av kommunen.";https://www.svt.se/nyheter/lokalt/norrbotten/staten-tar-kontroll-over-problemskola-i-gallivare;"2025-02-04 11:21:05";;0;0;0;0;0;0;0;0;0;0
233;"Sexköpare döms i värmländska bordellhärvan – sex män frias";"Två män dömdes idag vid Värmlands tingsrätt för att ha köpt sex på en thaimassagesalong i Karlstad för snart fyra år sedan. Sex andra män som stått åtalade frias.";https://www.svt.se/nyheter/lokalt/varmland/dagsboter-en-sexkopare-i-varmlandska-bordellharvan-sex-man-frias;"2025-02-04 11:20:18";SamhalleKonflikter;0;0;0;0;0;0;1;0;0;0
234;"SLAO om dödsolyckorna: ”Extremt ovanligt”";"På mindre än en vecka har tre dödsolyckor inträffat i svenska skidområden. – Det är extremt ovanligt, säger Magnus Noppa, vd för SLAO, Svenska skidanläggningars organisation.";https://www.svt.se/nyheter/lokalt/jamtland/slao-om-dodsolyckorna-extremt-ovanligt;"2025-02-04 11:15:57";SamhalleKonflikter;0;0;0;0;0;0;1;0;0;0
235;"Präst, bankanställd och mäklare åtalas – misstänks ha tvättat pengar";"14 personer åtalas misstänkta för att ha tvättat stora summor pengar genom fastighetsaffärer i Södertälje. Bland dem finns en präst, en banktjänsteman och flera före detta fastighetsmäklare.";https://www.svt.se/nyheter/lokalt/sodertalje/prast-bankanstalld-och-maklare-atalas-misstanks-ha-tvattat-pengar;"2025-02-04 10:56:58";SamhalleKonflikter;0;0;0;0;0;0;1;0;0;0
236;"Ulrika Bergsten om Trumptullarna: ”EU vill markera”";"När EU angrips, oschyst eller godtyckligt, kommer unionen svara bestämt. Så sa kommissionens ordförande Ursula von der Leyen om Donald Trumps hot om tullar på måndagen. – Man vill markera att man är redo att slå tillbaka om man drabbas av 'orättvisa' tullar, säger Ulrika Bergsten i Morgonstudion.";https://www.svt.se/nyheter/utrikes/ulrika-bergsten-om-trumptullarna-eu-vill-markera;"2025-02-04 10:47:11";SamhalleKonflikter;0;0;0;0;0;0;1;0;0;0
237;"Nordsamisk föreställning till Kungliga Operan: ”Spännande och läskigt”";"Som första scen i Sverige presenterar Kungliga Operan i höst ett nyskrivet verk på nordsamiska. ”Eatnama váibmu” bygger på den samiska skapelsemyten och att leva i samspel med naturen. – Det känns helt fantastiskt att få möjligheten, säger regissören Elle Márjá Eira.";https://www.svt.se/nyheter/sapmi/nordsamisk-forestallning-till-kungliga-operan-spannande-och-laskigt;"2025-02-04 10:25:15";;0;0;0;0;0;0;0;0;0;0
238;"I Finland behövs arbetstagare som kan svenska – ändå rekryteras de inte från Sverige";"I Sverige finns det en tillgång på både finsk- och svensktalande arbetstagare, men dessa experter rekryteras inte aktivt därifrån. – Att vi stjäl kompetens från varandra gynnar varken Europa eller Norden, säger Laura Lindeman, senior director på Business Finland.";https://www.svt.se/nyheter/uutiset/svenska/i-finland-behovs-arbetstagare-som-kan-svenska-anda-rekryteras-de-inte-fran-sverige;"2025-02-04 10:02:44";;0;0;0;0;0;0;0;0;0;0
239;"Finland söker febrilt efter arbetskraft – rekrytering pågår i Brasilien och Vietnam";"I Finland står arbetslösheten på över nio procent, samtidigt som landet paradoxalt nog kämpar med en brist på arbetskraft inom många sektorer. Denna utmaning är särskilt påtaglig i de åldrande och avfolkningsdrabbade regionerna i östra och norra Finland.";https://www.svt.se/nyheter/uutiset/svenska/finland-soker-febrilt-efter-arbetskraft-rekrytering-pagar-i-brasilien-och-vietnam;"2025-02-04 10:02:41";SamhalleKonflikter;0;0;0;0;0;0;1;0;0;0
240;"Utredning föreslår att hemaborter ska bli lättare";"Sjukvårdsminister Acko Ankarberg Johansson (KD) har tagit emot särskilda utredaren Inga-Maj Anderssons förslag om förändring av den 50 år gamla abortlagstiftningen. Utredningen föreslår bland annat att hemaborter ska kunna göras själv i hemmet.";https://www.svt.se/nyheter/inrikes/utredning-foreslar-att-hemaborter-ska-bli-lattare;"2025-02-04 09:55:25";;0;0;0;0;0;0;0;0;0;0
241;"Här uppmanas 15-åringen att mörda på begravning i Malmö";"I videoklippet blir en 15-årig pojke uppmanad att mörda en av gästerna på en begravning i Malmö. Men mordet blir aldrig av. I dag inleds rättegången i Malmö tingsrätt, där den 15-åriga pojken står åtalad för mordförsök och grovt vapenbrott.";https://www.svt.se/nyheter/lokalt/skane/har-uppmanas-15-aringen-att-morda-pa-begravningen-i-malmo;"2025-02-04 09:49:50";SamhalleKonflikter;0;0;0;0;0;0;1;0;0;0
